{
  "method": "enhanced_alshade",
  "n_evals": 15,
  "best": {
    "roc_auc": 0.7959154930175187,
    "hparams": {
      "lr": 0.1,
      "batch_size": 32,
      "weight_decay": 0.007080754970702676,
      "dropout": 0.0,
      "epochs": 58,
      "beta1": 0.99,
      "beta2": 0.9663072968633885,
      "save_dir": "experiments/best_models/enhanced_alshade",
      "optimizer_name": "adadelta",
      "use_fuzzy": true
    }
  },
  "all_results": [
    {
      "eval_idx": 1,
      "generation": 0,
      "individual": 0,
      "roc_auc": 0.7758459387492115,
      "train_time": 68.25389552116394,
      "hparams": {
        "lr": 0.037460266483547784,
        "batch_size": 128,
        "weight_decay": 0.007319966218719871,
        "dropout": 0.2993292420985183,
        "epochs": 18,
        "beta1": 0.8296389588638785,
        "beta2": 0.9058025528556032,
        "save_dir": "experiments/best_models/enhanced_alshade",
        "optimizer_name": "adadelta",
        "use_fuzzy": true
      }
    },
    {
      "eval_idx": 2,
      "generation": 0,
      "individual": 1,
      "roc_auc": 0.7942820955103875,
      "train_time": 250.25294852256775,
      "hparams": {
        "lr": 0.08661895281603578,
        "batch_size": 64,
        "weight_decay": 0.007080754970702676,
        "dropout": 0.010292247147901223,
        "epochs": 58,
        "beta1": 0.9581641017520801,
        "beta2": 0.9212126771567598,
        "save_dir": "experiments/best_models/enhanced_alshade",
        "optimizer_name": "adadelta",
        "use_fuzzy": true
      }
    },
    {
      "eval_idx": 3,
      "generation": 0,
      "individual": 2,
      "roc_auc": 0.7853436855932335,
      "train_time": 328.0944139957428,
      "hparams": {
        "lr": 0.01819067847103799,
        "batch_size": 32,
        "weight_decay": 0.0030424920053710816,
        "dropout": 0.2623782158161189,
        "epochs": 32,
        "beta1": 0.855333536637628,
        "beta2": 0.9611241041827657,
        "save_dir": "experiments/best_models/enhanced_alshade",
        "optimizer_name": "adadelta",
        "use_fuzzy": true
      }
    },
    {
      "eval_idx": 4,
      "generation": 0,
      "individual": 3,
      "roc_auc": 0.7732617639526024,
      "train_time": 476.84859228134155,
      "hparams": {
        "lr": 0.013957991126597664,
        "batch_size": 32,
        "weight_decay": 0.0036636817967525877,
        "dropout": 0.22803499210851796,
        "epochs": 49,
        "beta1": 0.8379380186100884,
        "beta2": 0.9513720203975198,
        "save_dir": "experiments/best_models/enhanced_alshade",
        "optimizer_name": "adadelta",
        "use_fuzzy": true
      }
    },
    {
      "eval_idx": 5,
      "generation": 0,
      "individual": 4,
      "roc_auc": 0.7949538409110826,
      "train_time": 247.81534457206726,
      "hparams": {
        "lr": 0.05924553274051564,
        "batch_size": 16,
        "weight_decay": 0.006075487764529194,
        "dropout": 0.08526206184364576,
        "epochs": 13,
        "beta1": 0.9802882520781333,
        "beta2": 0.9964666401041485,
        "save_dir": "experiments/best_models/enhanced_alshade",
        "optimizer_name": "adadelta",
        "use_fuzzy": true
      }
    },
    {
      "eval_idx": 6,
      "generation": 1,
      "individual": 0,
      "roc_auc": 0.7873448110572169,
      "train_time": 124.53175663948059,
      "hparams": {
        "lr": 0.1,
        "batch_size": 32,
        "weight_decay": 0.009492560938479281,
        "dropout": 0.0,
        "epochs": 13,
        "beta1": 0.99,
        "beta2": 0.9663072968633885,
        "save_dir": "experiments/best_models/enhanced_alshade",
        "optimizer_name": "adadelta",
        "use_fuzzy": true
      }
    },
    {
      "eval_idx": 7,
      "generation": 1,
      "individual": 1,
      "roc_auc": 0.7959154930175187,
      "train_time": 535.1461746692657,
      "hparams": {
        "lr": 0.1,
        "batch_size": 32,
        "weight_decay": 0.007080754970702676,
        "dropout": 0.0,
        "epochs": 58,
        "beta1": 0.99,
        "beta2": 0.9663072968633885,
        "save_dir": "experiments/best_models/enhanced_alshade",
        "optimizer_name": "adadelta",
        "use_fuzzy": true
      }
    },
    {
      "eval_idx": 8,
      "generation": 1,
      "individual": 2,
      "roc_auc": 0.7812169843209542,
      "train_time": 107.82027459144592,
      "hparams": {
        "lr": 0.01819067847103799,
        "batch_size": 32,
        "weight_decay": 0.00507793786714439,
        "dropout": 0.2301782255759345,
        "epochs": 16,
        "beta1": 0.855333536637628,
        "beta2": 0.9580122049825512,
        "save_dir": "experiments/best_models/enhanced_alshade",
        "optimizer_name": "adadelta",
        "use_fuzzy": true
      }
    },
    {
      "eval_idx": 9,
      "generation": 1,
      "individual": 3,
      "roc_auc": 0.7915186453776298,
      "train_time": 182.59949231147766,
      "hparams": {
        "lr": 0.07990829551425199,
        "batch_size": 128,
        "weight_decay": 0.0077448541131886865,
        "dropout": 0.2993292420985183,
        "epochs": 60,
        "beta1": 0.8886535689818253,
        "beta2": 0.9,
        "save_dir": "experiments/best_models/enhanced_alshade",
        "optimizer_name": "adadelta",
        "use_fuzzy": true
      }
    },
    {
      "eval_idx": 10,
      "generation": 1,
      "individual": 4,
      "roc_auc": 0.7629004240223751,
      "train_time": 243.50351524353027,
      "hparams": {
        "lr": 0.013957991126597664,
        "batch_size": 64,
        "weight_decay": 0.005921032268927911,
        "dropout": 0.1812982656263032,
        "epochs": 49,
        "beta1": 0.8379380186100884,
        "beta2": 0.9272043652974555,
        "save_dir": "experiments/best_models/enhanced_alshade",
        "optimizer_name": "adadelta",
        "use_fuzzy": true
      }
    },
    {
      "eval_idx": 11,
      "generation": 2,
      "individual": 0,
      "roc_auc": 0.7913774053768914,
      "train_time": 245.23564171791077,
      "hparams": {
        "lr": 0.1,
        "batch_size": 32,
        "weight_decay": 0.006854026851306493,
        "dropout": 0.24874579502396993,
        "epochs": 29,
        "beta1": 0.937351699565715,
        "beta2": 0.9663072968633885,
        "save_dir": "experiments/best_models/enhanced_alshade",
        "optimizer_name": "adadelta",
        "use_fuzzy": true
      }
    },
    {
      "eval_idx": 12,
      "generation": 2,
      "individual": 1,
      "roc_auc": 0.7867393489920795,
      "train_time": 190.24016547203064,
      "hparams": {
        "lr": 0.1,
        "batch_size": 128,
        "weight_decay": 0.01,
        "dropout": 0.041143850338735855,
        "epochs": 60,
        "beta1": 0.99,
        "beta2": 0.9131055116675025,
        "save_dir": "experiments/best_models/enhanced_alshade",
        "optimizer_name": "adadelta",
        "use_fuzzy": true
      }
    },
    {
      "eval_idx": 13,
      "generation": 2,
      "individual": 2,
      "roc_auc": 0.7877256418423064,
      "train_time": 39.584800720214844,
      "hparams": {
        "lr": 0.08092695868244479,
        "batch_size": 128,
        "weight_decay": 0.005100562649657094,
        "dropout": 0.2993292420985183,
        "epochs": 13,
        "beta1": 0.99,
        "beta2": 0.9999,
        "save_dir": "experiments/best_models/enhanced_alshade",
        "optimizer_name": "adadelta",
        "use_fuzzy": true
      }
    },
    {
      "eval_idx": 14,
      "generation": 2,
      "individual": 3,
      "roc_auc": 0.7946253153431678,
      "train_time": 553.8629097938538,
      "hparams": {
        "lr": 0.055162729299510105,
        "batch_size": 16,
        "weight_decay": 0.005102457402766811,
        "dropout": 0.13509323022933073,
        "epochs": 32,
        "beta1": 0.9618233785239382,
        "beta2": 0.9999,
        "save_dir": "experiments/best_models/enhanced_alshade",
        "optimizer_name": "adadelta",