{
  "accuracy": 0.7695127719962157,
  "f1_score": 0.43692218798151,
  "roc_auc": 0.8025563218496854,
  "brier_score": 0.2152309905898645,
  "confusion_matrix": [
    [
      34505,
      9162
    ],
    [
      2532,
      4537
    ]
  ]
}