{
  "accuracy": 0.777554399243141,
  "f1_score": 0.4471441167826002,
  "precision": 0.34200074934432373,
  "recall": 0.6456358749469515,
  "roc_auc": 0.8144969896740634,
  "brier_score": 0.22799344298475657,
  "confusion_matrix": [
    [
      34886,
      8781
    ],
    [
      2505,
      4564
    ]
  ]
}