{
  "accuracy": 0.7892817723115736,
  "f1_score": 0.4554021700371861,
  "precision": 0.35583505811176563,
  "recall": 0.6323383788371764,
  "roc_auc": 0.8176061746232627,
  "brier_score": 0.2409196082311751,
  "confusion_matrix": [
    [
      35575,
      8092
    ],
    [
      2599,
      4470
    ]
  ]
}