{
  "accuracy": 0.7971854304635762,
  "f1_score": 0.4593316519546028,
  "precision": 0.36537657778149296,
  "recall": 0.618333569104541,
  "roc_auc": 0.8199611206383729,
  "brier_score": 0.2317308030938108,
  "confusion_matrix": [
    [
      36075,
      7592
    ],
    [
      2698,
      4371
    ]
  ]
}