{
  "accuracy": 0.8111005991800694,
  "f1_score": 0.45108820160366553,
  "precision": 0.3789818111827543,
  "recall": 0.5570802093648324,
  "roc_auc": 0.8175048454311834,
  "brier_score": 0.24492661071385846,
  "confusion_matrix": [
    [
      37214,
      6453
    ],
    [
      3131,
      3938
    ]
  ]
}