{
  "accuracy": 0.8013245033112583,
  "f1_score": 0.46032765820751687,
  "precision": 0.3703161340339392,
  "recall": 0.6081482529353516,
  "roc_auc": 0.8208908362635683,
  "brier_score": 0.2289444737958539,
  "confusion_matrix": [
    [
      36357,
      7310
    ],
    [
      2770,
      4299
    ]
  ]
}