{
  "method": "enhanced_alshade",
  "n_evals": 24,
  "best": {
    "roc_auc": 0.82274816,
    "hparams": {
      "lr": 0.010569313642356679,
      "batch_size": 128,
      "weight_decay": 0.0017366778299655547,
      "dropout": 0.2613192301477048,
      "epochs": 37,
      "beta1": 0.8019716638634389,
      "beta2": 0.9663643858387478,
      "save_dir": "experiments/best_models/enhanced_alshade",
      "optimizer_name": "sgd",
      "use_fuzzy": true
    }
  },
  "all_results": [
    {
      "eval_idx": 1,
      "generation": 0,
      "individual": 0,
      "roc_auc": 0.8186170399999999,
      "train_time": 14.194267988204956,
      "hparams": {
        "lr": 0.037460266483547784,
        "batch_size": 128,
        "weight_decay": 0.007319966218719871,
        "dropout": 0.2993292420985183,
        "epochs": 18,
        "beta1": 0.8296389588638785,
        "beta2": 0.9058025528556032,
        "save_dir": "experiments/best_models/enhanced_alshade",
        "optimizer_name": "sgd",
        "use_fuzzy": true
      }
    },
    {
      "eval_idx": 2,
      "generation": 0,
      "individual": 1,
      "roc_auc": 0.81673312,
      "train_time": 68.88242864608765,
      "hparams": {
        "lr": 0.08661895281603578,
        "batch_size": 64,
        "weight_decay": 0.007080754970702676,
        "dropout": 0.010292247147901223,
        "epochs": 58,
        "beta1": 0.9581641017520801,
        "beta2": 0.9212126771567598,
        "save_dir": "experiments/best_models/enhanced_alshade",
        "optimizer_name": "sgd",
        "use_fuzzy": true
      }
    },
    {
      "eval_idx": 3,
      "generation": 0,
      "individual": 2,
      "roc_auc": 0.8197583199999999,
      "train_time": 60.887160301208496,
      "hparams": {
        "lr": 0.01819067847103799,
        "batch_size": 32,
        "weight_decay": 0.0030424920053710816,
        "dropout": 0.2623782158161189,
        "epochs": 32,
        "beta1": 0.855333536637628,
        "beta2": 0.9611241041827657,
        "save_dir": "experiments/best_models/enhanced_alshade",
        "optimizer_name": "sgd",
        "use_fuzzy": true
      }
    },
    {
      "eval_idx": 4,
      "generation": 0,
      "individual": 3,
      "roc_auc": 0.82184112,
      "train_time": 92.96920394897461,
      "hparams": {
        "lr": 0.013957991126597664,
        "batch_size": 32,
        "weight_decay": 0.0036636817967525877,
        "dropout": 0.22803499210851796,
        "epochs": 49,
        "beta1": 0.8379380186100884,
        "beta2": 0.9513720203975198,
        "save_dir": "experiments/best_models/enhanced_alshade",
        "optimizer_name": "sgd",
        "use_fuzzy": true
      }
    },
    {
      "eval_idx": 5,
      "generation": 0,
      "individual": 4,
      "roc_auc": 0.81290688,
      "train_time": 44.31685924530029,
      "hparams": {
        "lr": 0.05924553274051564,
        "batch_size": 16,
        "weight_decay": 0.006075487764529194,
        "dropout": 0.08526206184364576,
        "epochs": 13,
        "beta1": 0.9802882520781333,
        "beta2": 0.9964666401041485,
        "save_dir": "experiments/best_models/enhanced_alshade",
        "optimizer_name": "sgd",
        "use_fuzzy": true
      }
    },
    {
      "eval_idx": 6,
      "generation": 0,
      "individual": 5,
      "roc_auc": 0.817896,
      "train_time": 60.69381403923035,
      "hparams": {
        "lr": 0.08084165083816496,
        "batch_size": 32,
        "weight_decay": 0.0009768113728524381,
        "dropout": 0.34211651325607845,
        "epochs": 32,
        "beta1": 0.8231872646205081,
        "beta2": 0.9494681733201159,
        "save_dir": "experiments/best_models/enhanced_alshade",
        "optimizer_name": "sgd",
        "use_fuzzy": true
      }
    },
    {
      "eval_idx": 7,
      "generation": 0,
      "individual": 6,
      "roc_auc": 0.8198254399999999,
      "train_time": 20.55561327934265,
      "hparams": {
        "lr": 0.003448508226310688,
        "batch_size": 128,
        "weight_decay": 0.002587873938002009,
        "dropout": 0.331261142176991,
        "epochs": 26,
        "beta1": 0.8988129240237841,
        "beta2": 0.9546163569063937,
        "save_dir": "experiments/best_models/enhanced_alshade",
        "optimizer_name": "sgd",
        "use_fuzzy": true
      }
    },
    {
      "eval_idx": 8,
      "generation": 0,
      "individual": 7,
      "roc_auc": 0.8184582399999999,
      "train_time": 43.81241536140442,
      "hparams": {
        "lr": 0.01849359700799745,
        "batch_size": 128,
        "weight_decay": 0.00775135072032881,
        "dropout": 0.46974947078209456,
        "epochs": 55,
        "beta1": 0.9136009959741062,
        "beta2": 0.9920952360788093,
        "save_dir": "experiments/best_models/enhanced_alshade",
        "optimizer_name": "sgd",
        "use_fuzzy": true
      }
    },
    {
      "eval_idx": 9,
      "generation": 1,
      "individual": 0,
      "roc_auc": 0.82044048,
      "train_time": 92.90429592132568,
      "hparams": {
        "lr": 0.013957991126597664,
        "batch_size": 32,
        "weight_decay": 0.0036636817967525877,
        "dropout": 0.22803499210851796,
        "epochs": 49,
        "beta1": 0.8379380186100884,
        "beta2": 0.9513720203975198,
        "save_dir": "experiments/best_models/enhanced_alshade",
        "optimizer_name": "sgd",
        "use_fuzzy": true
      }
    },
    {
      "eval_idx": 10,
      "generation": 1,
      "individual": 1,
      "roc_auc": 0.8214104,
      "train_time": 32.93818163871765,
      "hparams": {
        "lr": 0.010569313642356679,
        "batch_size": 128,
        "weight_decay": 0.003316798329420618,
        "dropout": 0.2613192301477048,
        "epochs": 42,
        "beta1": 0.8575665220567287,
        "beta2": 0.9524181242052173,
        "save_dir": "experiments/best_models/enhanced_alshade",
        "optimizer_name": "sgd",
        "use_fuzzy": true
      }
    },
    {
      "eval_idx": 11,
      "generation": 1,
      "individual": 2,
      "roc_auc": 0.82030352,
      "train_time": 60.612205505371094,
      "hparams": {
        "lr": 0.01819067847103799,
        "batch_size": 32,
        "weight_decay": 0.004969032415881803,
        "dropout": 0.16388964499419542,
        "epochs": 32,
        "beta1": 0.855333536637628,
        "beta2": 0.9361695069326541,
        "save_dir": "experiments/best_models/enhanced_alshade",
        "optimizer_name": "sgd",
        "use_fuzzy": true
      }
    },
    {
      "eval_idx": 12,
      "generation": 1,
      "individual": 3,
      "roc_auc": 0.8135203200000001,
      "train_time": 201.43314409255981,
      "hparams": {
        "lr": 1e-05,
        "batch_size": 16,
        "weight_decay": 7.39737478530554e-06,
        "dropout": 0.15674074211851763,
        "epochs": 60,
        "beta1": 0.8462370783562982,
        "beta2": 0.9969414879394365,
        "save_dir": "experiments/best_models/enhanced_alshade",
        "optimizer_name": "sgd",
        "use_fuzzy": true
      }
    },
    {
      "eval_idx": 13,
      "generation": 1,
      "individual": 4,
      "roc_auc": 0.8184172799999999,
      "train_time": 22.229224681854248,
      "hparams": {
        "lr": 0.01849359700799745,
        "batch_size": 128,
        "weight_decay": 0.004640278292733794,
        "dropout": 0.46974947078209456,
        "epochs": 28,
        "beta1": 0.9136009959741062,
        "beta2": 0.9750249871835003,
        "save_dir": "experiments/best_models/enhanced_alshade",
        "optimizer_name": "sgd",
        "use_fuzzy": true
      }
    },
    {
      "eval_idx": 14,
      "generation": 1,
      "individual": 5,
      "roc_auc": 0.81762672,
      "train_time": 64.6885678768158,
      "hparams": {
        "lr": 0.01960666578881938,
        "batch_size": 32,
        "weight_decay": 0.0059915779933376314,
        "dropout": 0.34211651325607845,
        "epochs": 34,
        "beta1": 0.8349619082670926,
        "beta2": 0.9494681733201159,