{
  "accuracy": 0.7837432986439609,
  "f1_score": 0.45844027640671275,
  "precision": 0.3520582215146691,
  "recall": 0.6569528929127175,
  "roc_auc": 0.820159028178975,
  "brier_score": 0.23255459419473207,
  "confusion_matrix": [
    [
      35120,
      8547
    ],
    [
      2425,
      4644
    ]
  ]
}