{
  "accuracy": 0.7947414064963734,
  "f1_score": 0.45356280826949313,
  "precision": 0.3604971223621653,
  "recall": 0.6114018956005093,
  "roc_auc": 0.8161708545625282,
  "brier_score": 0.23694175484641414,
  "confusion_matrix": [
    [
      36000,
      7667
    ],
    [
      2747,
      4322
    ]
  ]
}