{
  "accuracy": 0.7923762220119837,
  "f1_score": 0.4506675010429704,
  "precision": 0.35690096638308416,
  "recall": 0.6112604328759372,
  "roc_auc": 0.815987828031048,
  "brier_score": 0.23054713540936358,
  "confusion_matrix": [
    [
      35881,
      7786
    ],
    [
      2748,
      4321
    ]
  ]
}