{
  "accuracy": 0.7817920214443393,
  "f1_score": 0.4603986937661452,
  "precision": 0.35120464009518143,
  "recall": 0.6681284481539115,
  "roc_auc": 0.820750419923223,
  "brier_score": 0.23388031213318558,
  "confusion_matrix": [
    [
      34942,
      8725
    ],
    [
      2346,
      4723
    ]
  ]
}