{
  "accuracy": 0.7873107852412489,
  "f1_score": 0.4548072550901834,
  "precision": 0.3537409619616473,
  "recall": 0.6367237232989107,
  "roc_auc": 0.8146256592985981,
  "brier_score": 0.2347312186596359,
  "confusion_matrix": [
    [
      35444,
      8223
    ],
    [
      2568,
      4501
    ]
  ]
}