{
  "accuracy": 0.7957269000315358,
  "f1_score": 0.45772289660946003,
  "precision": 0.36319853857012374,
  "recall": 0.6187579572782572,
  "roc_auc": 0.8201368419177426,
  "brier_score": 0.23125526024203932,
  "confusion_matrix": [
    [
      35998,
      7669
    ],
    [
      2695,
      4374
    ]
  ]
}