{
  "accuracy": 0.7924944812362031,
  "f1_score": 0.45904840201418146,
  "precision": 0.3604454127329944,
  "recall": 0.6319139906634602,
  "roc_auc": 0.8212538538403968,
  "brier_score": 0.2300025697591523,
  "confusion_matrix": [
    [
      35741,
      7926
    ],
    [
      2602,
      4467
    ]
  ]
}