{
  "accuracy": 0.8092281614632608,
  "f1_score": 0.45663279627238534,
  "precision": 0.37853685778108714,
  "recall": 0.5753289008346301,
  "roc_auc": 0.8165885173688913,
  "brier_score": 0.2155757501309457,
  "confusion_matrix": [
    [
      36990,
      6677
    ],
    [
      3002,
      4067
    ]
  ]
}