{
  "accuracy": 0.796929202144434,
  "f1_score": 0.457422718415925,
  "precision": 0.3643456375838926,
  "recall": 0.6143726128165229,
  "roc_auc": 0.8188935560397049,
  "brier_score": 0.22678921563584495,
  "confusion_matrix": [
    [
      36090,
      7577
    ],
    [
      2726,
      4343
    ]
  ]
}