{
  "method": "enhanced_alshade",
  "n_evals": 24,
  "best": {
    "roc_auc": 0.8205830399999999,
    "hparams": {
      "lr": 0.003448508226310688,
      "batch_size": 128,
      "weight_decay": 0.002587873938002009,
      "dropout": 0.331261142176991,
      "epochs": 26,
      "beta1": 0.8988129240237841,
      "beta2": 0.9546163569063937,
      "save_dir": "experiments/best_models/enhanced_alshade",
      "optimizer_name": "rmsprop",
      "use_fuzzy": true
    }
  },
  "all_results": [
    {
      "eval_idx": 1,
      "generation": 0,
      "individual": 0,
      "roc_auc": 0.81237344,
      "train_time": 18.32301902770996,
      "hparams": {
        "lr": 0.037460266483547784,
        "batch_size": 128,
        "weight_decay": 0.007319966218719871,
        "dropout": 0.2993292420985183,
        "epochs": 18,
        "beta1": 0.8296389588638785,
        "beta2": 0.9058025528556032,
        "save_dir": "experiments/best_models/enhanced_alshade",
        "optimizer_name": "rmsprop",
        "use_fuzzy": true
      }
    },
    {
      "eval_idx": 2,
      "generation": 0,
      "individual": 1,
      "roc_auc": 0.81729408,
      "train_time": 82.14019799232483,
      "hparams": {
        "lr": 0.08661895281603578,
        "batch_size": 64,
        "weight_decay": 0.007080754970702676,
        "dropout": 0.010292247147901223,
        "epochs": 58,
        "beta1": 0.9581641017520801,
        "beta2": 0.9212126771567598,
        "save_dir": "experiments/best_models/enhanced_alshade",
        "optimizer_name": "rmsprop",
        "use_fuzzy": true
      }
    },
    {
      "eval_idx": 3,
      "generation": 0,
      "individual": 2,
      "roc_auc": 0.8122328000000001,
      "train_time": 71.01846885681152,
      "hparams": {
        "lr": 0.01819067847103799,
        "batch_size": 32,
        "weight_decay": 0.0030424920053710816,
        "dropout": 0.2623782158161189,
        "epochs": 32,
        "beta1": 0.855333536637628,
        "beta2": 0.9611241041827657,
        "save_dir": "experiments/best_models/enhanced_alshade",
        "optimizer_name": "rmsprop",
        "use_fuzzy": true
      }
    },
    {
      "eval_idx": 4,
      "generation": 0,
      "individual": 3,
      "roc_auc": 0.8169896,
      "train_time": 108.1234986782074,
      "hparams": {
        "lr": 0.013957991126597664,
        "batch_size": 32,
        "weight_decay": 0.0036636817967525877,
        "dropout": 0.22803499210851796,
        "epochs": 49,
        "beta1": 0.8379380186100884,
        "beta2": 0.9513720203975198,
        "save_dir": "experiments/best_models/enhanced_alshade",
        "optimizer_name": "rmsprop",
        "use_fuzzy": true
      }
    },
    {
      "eval_idx": 5,
      "generation": 0,
      "individual": 4,
      "roc_auc": 0.81490592,
      "train_time": 52.12499690055847,
      "hparams": {
        "lr": 0.05924553274051564,
        "batch_size": 16,
        "weight_decay": 0.006075487764529194,
        "dropout": 0.08526206184364576,
        "epochs": 13,
        "beta1": 0.9802882520781333,
        "beta2": 0.9964666401041485,
        "save_dir": "experiments/best_models/enhanced_alshade",
        "optimizer_name": "rmsprop",
        "use_fuzzy": true
      }
    },
    {
      "eval_idx": 6,
      "generation": 0,
      "individual": 5,
      "roc_auc": 0.81362336,
      "train_time": 71.94493174552917,
      "hparams": {
        "lr": 0.08084165083816496,
        "batch_size": 32,
        "weight_decay": 0.0009768113728524381,
        "dropout": 0.34211651325607845,
        "epochs": 32,
        "beta1": 0.8231872646205081,
        "beta2": 0.9494681733201159,
        "save_dir": "experiments/best_models/enhanced_alshade",
        "optimizer_name": "rmsprop",
        "use_fuzzy": true
      }
    },
    {
      "eval_idx": 7,
      "generation": 0,
      "individual": 6,
      "roc_auc": 0.8194784,
      "train_time": 22.35897707939148,
      "hparams": {
        "lr": 0.003448508226310688,
        "batch_size": 128,
        "weight_decay": 0.002587873938002009,
        "dropout": 0.331261142176991,
        "epochs": 26,
        "beta1": 0.8988129240237841,
        "beta2": 0.9546163569063937,
        "save_dir": "experiments/best_models/enhanced_alshade",
        "optimizer_name": "rmsprop",
        "use_fuzzy": true
      }
    },
    {
      "eval_idx": 8,
      "generation": 0,
      "individual": 7,
      "roc_auc": 0.8152284799999999,
      "train_time": 48.88492560386658,
      "hparams": {
        "lr": 0.01849359700799745,
        "batch_size": 128,
        "weight_decay": 0.00775135072032881,
        "dropout": 0.46974947078209456,
        "epochs": 55,
        "beta1": 0.9136009959741062,
        "beta2": 0.9920952360788093,
        "save_dir": "experiments/best_models/enhanced_alshade",
        "optimizer_name": "rmsprop",
        "use_fuzzy": true
      }
    },
    {
      "eval_idx": 9,
      "generation": 1,
      "individual": 0,
      "roc_auc": 0.8205830399999999,
      "train_time": 22.235368013381958,
      "hparams": {
        "lr": 0.003448508226310688,
        "batch_size": 128,
        "weight_decay": 0.002587873938002009,
        "dropout": 0.331261142176991,
        "epochs": 26,
        "beta1": 0.8988129240237841,
        "beta2": 0.9546163569063937,
        "save_dir": "experiments/best_models/enhanced_alshade",
        "optimizer_name": "rmsprop",
        "use_fuzzy": true
      }
    },
    {
      "eval_idx": 10,
      "generation": 1,
      "individual": 1,
      "roc_auc": 0.8161768,
      "train_time": 47.65405774116516,
      "hparams": {
        "lr": 0.030265984938492006,
        "batch_size": 64,
        "weight_decay": 0.00403655842032515,
        "dropout": 0.22776793722614755,
        "epochs": 36,
        "beta1": 0.91795011674195,
        "beta2": 0.9438456749868018,
        "save_dir": "experiments/best_models/enhanced_alshade",
        "optimizer_name": "rmsprop",
        "use_fuzzy": true
      }
    },
    {
      "eval_idx": 11,
      "generation": 1,
      "individual": 2,
      "roc_auc": 0.8151984,
      "train_time": 110.1455910205841,
      "hparams": {
        "lr": 0.013957991126597664,
        "batch_size": 32,
        "weight_decay": 0.007466265377027369,
        "dropout": 0.149305388129123,
        "epochs": 49,
        "beta1": 0.8379380186100884,
        "beta2": 0.9106607841096569,
        "save_dir": "experiments/best_models/enhanced_alshade",
        "optimizer_name": "rmsprop",
        "use_fuzzy": true
      }
    },
    {
      "eval_idx": 12,
      "generation": 1,
      "individual": 3,
      "roc_auc": 0.7891337599999999,
      "train_time": 8.552658319473267,
      "hparams": {
        "lr": 1e-05,
        "batch_size": 128,
        "weight_decay": 1e-07,
        "dropout": 0.1927728135718874,
        "epochs": 10,
        "beta1": 0.8840248520734619,
        "beta2": 0.9171374777339779,
        "save_dir": "experiments/best_models/enhanced_alshade",
        "optimizer_name": "rmsprop",
        "use_fuzzy": true
      }
    },
    {
      "eval_idx": 13,
      "generation": 1,
      "individual": 4,
      "roc_auc": 0.8136056,
      "train_time": 208.5557975769043,
      "hparams": {
        "lr": 0.05924553274051564,
        "batch_size": 16,
        "weight_decay": 0.008817009969843711,
        "dropout": 0.08526206184364576,
        "epochs": 52,
        "beta1": 0.9802882520781333,
        "beta2": 0.9422870641289441,
        "save_dir": "experiments/best_models/enhanced_alshade",
        "optimizer_name": "rmsprop",
        "use_fuzzy": true
      }
    },
    {
      "eval_idx": 14,
      "generation": 1,
      "individual": 5,
      "roc_auc": 0.81729056,
      "train_time": 89.56758713722229,
      "hparams": {
        "lr": 0.003237273608980136,
        "batch_size": 32,
        "weight_decay": 0.0056337016148877974,
        "dropout": 0.34211651325607845,
        "epochs": 41,
        "beta1": 0.9153961754018509,
        "beta2": 0.9494681733201159,