{
  "accuracy": 0.8051679280983917,
  "f1_score": 0.4560013207858676,
  "precision": 0.3731760043235453,
  "recall": 0.5860800679021078,
  "roc_auc": 0.8191606496631,
  "brier_score": 0.2353909221749973,
  "confusion_matrix": [
    [
      36708,
      6959
    ],
    [
      2926,
      4143
    ]
  ]
}