{
  "accuracy": 0.799077578051088,
  "f1_score": 0.4617171823846235,
  "precision": 0.3683545370292358,
  "recall": 0.618475031829113,
  "roc_auc": 0.8206073033932397,
  "brier_score": 0.23416277313741657,
  "confusion_matrix": [
    [
      36170,
      7497
    ],
    [
      2697,
      4372
    ]
  ]
}