{
  "accuracy": 0.7955692210659098,
  "f1_score": 0.45956648603584827,
  "precision": 0.3637713437268003,
  "recall": 0.6238506153628519,
  "roc_auc": 0.8206615242378401,
  "brier_score": 0.22625515597185905,
  "confusion_matrix": [
    [
      35954,
      7713
    ],
    [
      2659,
      4410
    ]
  ]
}