{
  "accuracy": 0.7954706717123936,
  "f1_score": 0.45248773281274735,
  "precision": 0.3608212722988893,
  "recall": 0.6065921629650587,
  "roc_auc": 0.8165645963127566,
  "brier_score": 0.2346160613433751,
  "confusion_matrix": [
    [
      36071,
      7596
    ],
    [
      2781,
      4288
    ]
  ]
}