{
  "accuracy": 0.7941304005045727,
  "f1_score": 0.45641425969294824,
  "precision": 0.361024205499753,
  "recall": 0.62031404724855,
  "roc_auc": 0.8179444061761899,
  "brier_score": 0.22143711305453212,
  "confusion_matrix": [
    [
      35906,
      7761
    ],
    [
      2684,
      4385
    ]
  ]
}