{
  "accuracy": 0.788828445285399,
  "f1_score": 0.4606322996375352,
  "precision": 0.35756154747948415,
  "recall": 0.6471919649172443,
  "roc_auc": 0.8209558157521858,
  "brier_score": 0.22336548691426128,
  "confusion_matrix": [
    [
      35447,
      8220
    ],
    [
      2494,
      4575
    ]
  ]
}