{
  "accuracy": 0.7999842321034374,
  "f1_score": 0.46107275624004246,
  "precision": 0.3691012668990732,
  "recall": 0.6140896873673787,
  "roc_auc": 0.8217620467000761,
  "brier_score": 0.22123121676408905,
  "confusion_matrix": [
    [
      36247,
      7420
    ],
    [
      2728,
      4341
    ]
  ]
}