{
  "accuracy": 0.8171515294859666,
  "f1_score": 0.46060817489388917,
  "precision": 0.3910167818361303,
  "recall": 0.5603338520299901,
  "roc_auc": 0.8215077866714642,
  "brier_score": 0.22721864871711966,
  "confusion_matrix": [
    [
      37498,
      6169
    ],
    [
      3108,
      3961
    ]
  ]
}