{
  "accuracy": 0.7932631661936298,
  "f1_score": 0.46035910891598497,
  "precision": 0.3617399741267788,
  "recall": 0.6329042297354647,
  "roc_auc": 0.8219203617179871,
  "brier_score": 0.2311083306229259,
  "confusion_matrix": [
    [
      35773,
      7894
    ],
    [
      2595,
      4474
    ]
  ]
}