{
  "accuracy": 0.8029210028382214,
  "f1_score": 0.46035943655890765,
  "precision": 0.37216404886561955,
  "recall": 0.603338520299901,
  "roc_auc": 0.8213274554702528,
  "brier_score": 0.22899720545239008,
  "confusion_matrix": [
    [
      36472,
      7195
    ],
    [
      2804,
      4265
    ]
  ]
}