{
  "accuracy": 0.7948793755912961,
  "f1_score": 0.4595170085692028,
  "precision": 0.36303955358608236,
  "recall": 0.625831093506861,
  "roc_auc": 0.8168850328546668,
  "brier_score": 0.2344262557874272,
  "confusion_matrix": [
    [
      35905,
      7762
    ],
    [
      2645,
      4424
    ]
  ]
}