{
  "accuracy": 0.8010485651214128,
  "f1_score": 0.455790381712314,
  "precision": 0.3682376513633592,
  "recall": 0.5979629367661621,
  "roc_auc": 0.8159938277325596,
  "brier_score": 0.24144372815102777,
  "confusion_matrix": [
    [
      36415,
      7252
    ],
    [
      2842,
      4227
    ]
  ]
}