{
  "accuracy": 0.795667770419426,
  "f1_score": 0.4480647393920034,
  "precision": 0.35922827386033807,
  "recall": 0.5952751449992927,
  "roc_auc": 0.8152147622798234,
  "brier_score": 0.2217710325984523,
  "confusion_matrix": [
    [
      36161,
      7506
    ],
    [
      2861,
      4208
    ]
  ]
}