{
  "accuracy": 0.7785398927783034,
  "f1_score": 0.4474822974036192,
  "precision": 0.3429562071304741,
  "recall": 0.6436553968029424,
  "roc_auc": 0.8145140735973471,
  "brier_score": 0.23498267258631536,
  "confusion_matrix": [
    [
      34950,
      8717
    ],
    [
      2519,
      4550
    ]
  ]
}