{
  "accuracy": 0.7967123935666982,
  "f1_score": 0.4612411199331383,
  "precision": 0.3656314699792961,
  "recall": 0.6245579289857123,
  "roc_auc": 0.8202458975072869,
  "brier_score": 0.22757637536710706,
  "confusion_matrix": [
    [
      36007,
      7660
    ],
    [
      2654,
      4415
    ]
  ]
}