{
  "accuracy": 0.7985651214128036,
  "f1_score": 0.4612546125461255,
  "precision": 0.36761616670867997,
  "recall": 0.6188994200028293,
  "roc_auc": 0.8215406975611275,
  "brier_score": 0.22868376273833105,
  "confusion_matrix": [
    [
      36141,
      7526
    ],
    [
      2694,
      4375
    ]
  ]
}