{
  "accuracy": 0.8041233049511195,
  "f1_score": 0.46053631527521444,
  "precision": 0.37364573240553156,
  "recall": 0.6000848776347433,
  "roc_auc": 0.8205555802645494,
  "brier_score": 0.22870151116056817,
  "confusion_matrix": [
    [
      36556,
      7111
    ],
    [
      2827,
      4242
    ]
  ]
}