{
  "accuracy": 0.7857734153263954,
  "f1_score": 0.45019980777985735,
  "precision": 0.35039370078740156,
  "recall": 0.6295091243457349,
  "roc_auc": 0.8129810866893276,
  "brier_score": 0.23524195559947117,
  "confusion_matrix": [
    [
      35417,
      8250
    ],
    [
      2619,
      4450
    ]
  ]
}