{
  "accuracy": 0.7982300536108483,
  "f1_score": 0.4633289646133683,
  "precision": 0.36806596701649175,
  "recall": 0.6251237798840006,
  "roc_auc": 0.8181775247080068,
  "brier_score": 0.23589178622602922,
  "confusion_matrix": [
    [
      36080,
      7587
    ],
    [
      2650,
      4419
    ]
  ]
}