{
  "accuracy": 0.79089798170924,
  "f1_score": 0.4584758307386045,
  "precision": 0.3586487781504552,
  "recall": 0.63530909605319,
  "roc_auc": 0.8182956721778385,
  "brier_score": 0.2344355085619752,
  "confusion_matrix": [
    [
      35636,
      8031
    ],
    [
      2578,
      4491
    ]
  ]
}