{
  "accuracy": 0.7722524440239672,
  "f1_score": 0.44332032567326685,
  "precision": 0.33613383985973116,
  "recall": 0.6508699957561183,
  "roc_auc": 0.8034395300694268,
  "brier_score": 0.271726467077848,
  "confusion_matrix": [
    [
      34580,
      9087
    ],
    [
      2468,
      4601
    ]
  ]
}