{
  "accuracy": 0.7975796278776411,
  "f1_score": 0.45998527710589965,
  "precision": 0.3660557368817474,
  "recall": 0.6187579572782572,
  "roc_auc": 0.8197008868248865,
  "brier_score": 0.23065245028299122,
  "confusion_matrix": [
    [
      36092,
      7575
    ],
    [
      2695,
      4374
    ]
  ]
}