{
  "accuracy": 0.7715823084200568,
  "f1_score": 0.4477483917083631,
  "precision": 0.33759701063524,
  "recall": 0.6645918800396096,
  "roc_auc": 0.8114166969159717,
  "brier_score": 0.2262135276652005,
  "confusion_matrix": [
    [
      34449,
      9218
    ],
    [
      2371,
      4698
    ]
  ]
}