{
  "accuracy": 0.8044386628823715,
  "f1_score": 0.4630952380952381,
  "precision": 0.3749890456576987,
  "recall": 0.60531899844391,
  "roc_auc": 0.8202171138420976,
  "brier_score": 0.23345956823265018,
  "confusion_matrix": [
    [
      36535,
      7132
    ],
    [
      2790,
      4279
    ]
  ]
}