{
  "accuracy": 0.798368022705771,
  "f1_score": 0.4618621778011573,
  "precision": 0.36764090109706055,
  "recall": 0.6210213608714104,
  "roc_auc": 0.8195582870078573,
  "brier_score": 0.22569918329471053,
  "confusion_matrix": [
    [
      36116,
      7551
    ],
    [
      2679,
      4390
    ]
  ]
}