{
  "method": "enhanced_alshade",
  "n_evals": 15,
  "best": {
    "roc_auc": 0.8033134453266189,
    "hparams": {
      "lr": 0.012758269476938684,
      "batch_size": 16,
      "weight_decay": 0.0010256401436983804,
      "dropout": 0.1330832808934304,
      "epochs": 34,
      "beta1": 0.8787575833436087,
      "beta2": 0.9881070440398808,
      "save_dir": "experiments/best_models/enhanced_alshade",
      "optimizer_name": "adam",
      "use_fuzzy": true
    }
  },
  "all_results": [
    {
      "eval_idx": 1,
      "generation": 0,
      "individual": 0,
      "roc_auc": 0.7790986495493157,
      "train_time": 43.08014917373657,
      "hparams": {
        "lr": 0.037460266483547784,
        "batch_size": 128,
        "weight_decay": 0.007319966218719871,
        "dropout": 0.2993292420985183,
        "epochs": 18,
        "beta1": 0.8296389588638785,
        "beta2": 0.9058025528556032,
        "save_dir": "experiments/best_models/enhanced_alshade",
        "optimizer_name": "adam",
        "use_fuzzy": true
      }
    },
    {
      "eval_idx": 2,
      "generation": 0,
      "individual": 1,
      "roc_auc": 0.7752658335743476,
      "train_time": 209.97780108451843,
      "hparams": {
        "lr": 0.08661895281603578,
        "batch_size": 64,
        "weight_decay": 0.007080754970702676,
        "dropout": 0.010292247147901223,
        "epochs": 58,
        "beta1": 0.9581641017520801,
        "beta2": 0.9212126771567598,
        "save_dir": "experiments/best_models/enhanced_alshade",
        "optimizer_name": "adam",
        "use_fuzzy": true
      }
    },
    {
      "eval_idx": 3,
      "generation": 0,
      "individual": 2,
      "roc_auc": 0.79341269368049,
      "train_time": 201.71822881698608,
      "hparams": {
        "lr": 0.01819067847103799,
        "batch_size": 32,
        "weight_decay": 0.0030424920053710816,
        "dropout": 0.2623782158161189,
        "epochs": 32,
        "beta1": 0.855333536637628,
        "beta2": 0.9611241041827657,
        "save_dir": "experiments/best_models/enhanced_alshade",
        "optimizer_name": "adam",
        "use_fuzzy": true
      }
    },
    {
      "eval_idx": 4,
      "generation": 0,
      "individual": 3,
      "roc_auc": 0.797969719416991,
      "train_time": 309.4535913467407,
      "hparams": {
        "lr": 0.013957991126597664,
        "batch_size": 32,
        "weight_decay": 0.0036636817967525877,
        "dropout": 0.22803499210851796,
        "epochs": 49,
        "beta1": 0.8379380186100884,
        "beta2": 0.9513720203975198,
        "save_dir": "experiments/best_models/enhanced_alshade",
        "optimizer_name": "adam",
        "use_fuzzy": true
      }
    },
    {
      "eval_idx": 5,
      "generation": 0,
      "individual": 4,
      "roc_auc": 0.760235245101399,
      "train_time": 148.31871247291565,
      "hparams": {
        "lr": 0.05924553274051564,
        "batch_size": 16,
        "weight_decay": 0.006075487764529194,
        "dropout": 0.08526206184364576,
        "epochs": 13,
        "beta1": 0.9802882520781333,
        "beta2": 0.9964666401041485,
        "save_dir": "experiments/best_models/enhanced_alshade",
        "optimizer_name": "adam",
        "use_fuzzy": true
      }
    },
    {
      "eval_idx": 6,
      "generation": 1,
      "individual": 0,
      "roc_auc": 0.6797208588325687,
      "train_time": 314.3409426212311,
      "hparams": {
        "lr": 1e-05,
        "batch_size": 32,
        "weight_decay": 0.0006306860375944754,
        "dropout": 0.4051511460809911,
        "epochs": 49,
        "beta1": 0.8,
        "beta2": 0.9160294844761371,
        "save_dir": "experiments/best_models/enhanced_alshade",
        "optimizer_name": "adam",
        "use_fuzzy": true
      }
    },
    {
      "eval_idx": 7,
      "generation": 1,
      "individual": 1,
      "roc_auc": 0.6857116363512135,
      "train_time": 205.6799337863922,
      "hparams": {
        "lr": 1e-05,
        "batch_size": 32,
        "weight_decay": 0.0030424920053710816,
        "dropout": 0.4051511460809911,
        "epochs": 32,
        "beta1": 0.8,
        "beta2": 0.9160294844761371,
        "save_dir": "experiments/best_models/enhanced_alshade",
        "optimizer_name": "adam",
        "use_fuzzy": true
      }
    },
    {
      "eval_idx": 8,
      "generation": 1,
      "individual": 2,
      "roc_auc": 0.7890541200915054,
      "train_time": 98.28582215309143,
      "hparams": {
        "lr": 0.037460266483547784,
        "batch_size": 128,
        "weight_decay": 0.006513302141977688,
        "dropout": 0.25482331961813326,
        "epochs": 41,
        "beta1": 0.8296389588638785,
        "beta2": 0.9,
        "save_dir": "experiments/best_models/enhanced_alshade",
        "optimizer_name": "adam",
        "use_fuzzy": true
      }
    },
    {
      "eval_idx": 9,
      "generation": 1,
      "individual": 3,
      "roc_auc": 0.779110187464869,
      "train_time": 122.9407160282135,
      "hparams": {
        "lr": 0.051013293066970965,
        "batch_size": 64,
        "weight_decay": 0.004496420171007985,
        "dropout": 0.010292247147901223,
        "epochs": 34,
        "beta1": 0.9107781152792791,
        "beta2": 0.9487582165078382,
        "save_dir": "experiments/best_models/enhanced_alshade",
        "optimizer_name": "adam",
        "use_fuzzy": true
      }
    },
    {
      "eval_idx": 10,
      "generation": 1,
      "individual": 4,
      "roc_auc": 0.7676400936358874,
      "train_time": 81.60240697860718,
      "hparams": {
        "lr": 0.05924553274051564,
        "batch_size": 32,
        "weight_decay": 0.0054283701906679225,
        "dropout": 0.11786045434261842,
        "epochs": 13,
        "beta1": 0.9802882520781333,
        "beta2": 0.9611715124993381,
        "save_dir": "experiments/best_models/enhanced_alshade",
        "optimizer_name": "adam",
        "use_fuzzy": true
      }
    },
    {
      "eval_idx": 11,
      "generation": 2,
      "individual": 0,
      "roc_auc": 0.795409999696566,
      "train_time": 334.8556351661682,
      "hparams": {
        "lr": 0.013957991126597664,
        "batch_size": 32,
        "weight_decay": 0.002714781073768127,
        "dropout": 0.2212812251942326,
        "epochs": 53,
        "beta1": 0.849498459073588,
        "beta2": 0.9513720203975198,
        "save_dir": "experiments/best_models/enhanced_alshade",
        "optimizer_name": "adam",
        "use_fuzzy": true
      }
    },
    {
      "eval_idx": 12,
      "generation": 2,
      "individual": 1,
      "roc_auc": 0.7938394639362424,
      "train_time": 198.1289975643158,
      "hparams": {
        "lr": 0.0019485532563852659,
        "batch_size": 64,
        "weight_decay": 0.005451610473324253,
        "dropout": 0.4543242558821774,
        "epochs": 54,
        "beta1": 0.8,
        "beta2": 0.9076918029795853,
        "save_dir": "experiments/best_models/enhanced_alshade",
        "optimizer_name": "adam",
        "use_fuzzy": true
      }
    },
    {
      "eval_idx": 13,
      "generation": 2,
      "individual": 2,
      "roc_auc": 0.6453789825966856,
      "train_time": 48.5512170791626,
      "hparams": {
        "lr": 1e-05,
        "batch_size": 128,
        "weight_decay": 0.002112916204247659,
        "dropout": 0.25482331961813326,
        "epochs": 20,
        "beta1": 0.8,
        "beta2": 0.959207751037529,
        "save_dir": "experiments/best_models/enhanced_alshade",
        "optimizer_name": "adam",
        "use_fuzzy": true
      }
    },
    {
      "eval_idx": 14,
      "generation": 2,
      "individual": 3,
      "roc_auc": 0.8033134453266189,
      "train_time": 389.99711871147156,
      "hparams": {
        "lr": 0.012758269476938684,
        "batch_size": 16,
        "weight_decay": 0.0010256401436983804,
        "dropout": 0.1330832808934304,
        "epochs": 34,
        "beta1": 0.8787575833436087,
        "beta2": 0.9881070440398808,