{
  "method": "enhanced_alshade",
  "n_evals": 15,
  "best": {
    "roc_auc": 0.8067429116882109,
    "hparams": {
      "lr": 0.0639185677198205,
      "batch_size": 16,
      "weight_decay": 0.002345084754079435,
      "dropout": 0.0,
      "epochs": 30,
      "beta1": 0.99,
      "beta2": 0.9999,
      "save_dir": "experiments/best_models/enhanced_alshade",
      "optimizer_name": "adagrad",
      "use_fuzzy": true
    }
  },
  "all_results": [
    {
      "eval_idx": 1,
      "generation": 0,
      "individual": 0,
      "roc_auc": 0.7914969753155447,
      "train_time": 59.152238607406616,
      "hparams": {
        "lr": 0.037460266483547784,
        "batch_size": 128,
        "weight_decay": 0.007319966218719871,
        "dropout": 0.2993292420985183,
        "epochs": 18,
        "beta1": 0.8296389588638785,
        "beta2": 0.9058025528556032,
        "save_dir": "experiments/best_models/enhanced_alshade",
        "optimizer_name": "adagrad",
        "use_fuzzy": true
      }
    },
    {
      "eval_idx": 2,
      "generation": 0,
      "individual": 1,
      "roc_auc": 0.7942178014706147,
      "train_time": 341.5024299621582,
      "hparams": {
        "lr": 0.08661895281603578,
        "batch_size": 64,
        "weight_decay": 0.007080754970702676,
        "dropout": 0.010292247147901223,
        "epochs": 58,
        "beta1": 0.9581641017520801,
        "beta2": 0.9212126771567598,
        "save_dir": "experiments/best_models/enhanced_alshade",
        "optimizer_name": "adagrad",
        "use_fuzzy": true
      }
    },
    {
      "eval_idx": 3,
      "generation": 0,
      "individual": 2,
      "roc_auc": 0.7973264076840502,
      "train_time": 328.7459764480591,
      "hparams": {
        "lr": 0.01819067847103799,
        "batch_size": 32,
        "weight_decay": 0.0030424920053710816,
        "dropout": 0.2623782158161189,
        "epochs": 32,
        "beta1": 0.855333536637628,
        "beta2": 0.9611241041827657,
        "save_dir": "experiments/best_models/enhanced_alshade",
        "optimizer_name": "adagrad",
        "use_fuzzy": true
      }
    },
    {
      "eval_idx": 4,
      "generation": 0,
      "individual": 3,
      "roc_auc": 0.794166955070349,
      "train_time": 444.85943150520325,
      "hparams": {
        "lr": 0.013957991126597664,
        "batch_size": 32,
        "weight_decay": 0.0036636817967525877,
        "dropout": 0.22803499210851796,
        "epochs": 49,
        "beta1": 0.8379380186100884,
        "beta2": 0.9513720203975198,
        "save_dir": "experiments/best_models/enhanced_alshade",
        "optimizer_name": "adagrad",
        "use_fuzzy": true
      }
    },
    {
      "eval_idx": 5,
      "generation": 0,
      "individual": 4,
      "roc_auc": 0.7955404444521776,
      "train_time": 199.08624172210693,
      "hparams": {
        "lr": 0.05924553274051564,
        "batch_size": 16,
        "weight_decay": 0.006075487764529194,
        "dropout": 0.08526206184364576,
        "epochs": 13,
        "beta1": 0.9802882520781333,
        "beta2": 0.9964666401041485,
        "save_dir": "experiments/best_models/enhanced_alshade",
        "optimizer_name": "adagrad",
        "use_fuzzy": true
      }
    },
    {
      "eval_idx": 6,
      "generation": 1,
      "individual": 0,
      "roc_auc": 0.8050613201751938,
      "train_time": 511.267959356308,
      "hparams": {
        "lr": 0.03997594472800585,
        "batch_size": 16,
        "weight_decay": 0.0017980135511804051,
        "dropout": 0.048311035561246385,
        "epochs": 32,
        "beta1": 0.99,
        "beta2": 0.9999,
        "save_dir": "experiments/best_models/enhanced_alshade",
        "optimizer_name": "adagrad",
        "use_fuzzy": true
      }
    },
    {
      "eval_idx": 7,
      "generation": 1,
      "individual": 1,
      "roc_auc": 0.7950321926410697,
      "train_time": 238.26467275619507,
      "hparams": {
        "lr": 0.03997594472800585,
        "batch_size": 16,
        "weight_decay": 0.006075487764529194,
        "dropout": 0.048311035561246385,
        "epochs": 13,
        "beta1": 0.99,
        "beta2": 0.9999,
        "save_dir": "experiments/best_models/enhanced_alshade",
        "optimizer_name": "adagrad",
        "use_fuzzy": true
      }
    },
    {
      "eval_idx": 8,
      "generation": 1,
      "individual": 2,
      "roc_auc": 0.7977748480018877,
      "train_time": 377.25473833084106,
      "hparams": {
        "lr": 0.08661895281603578,
        "batch_size": 64,
        "weight_decay": 0.004739421641312786,
        "dropout": 0.06530440774849838,
        "epochs": 60,
        "beta1": 0.9581641017520801,
        "beta2": 0.947223208693456,
        "save_dir": "experiments/best_models/enhanced_alshade",
        "optimizer_name": "adagrad",
        "use_fuzzy": true
      }
    },
    {
      "eval_idx": 9,
      "generation": 1,
      "individual": 3,
      "roc_auc": 0.7922763018322952,
      "train_time": 194.85955834388733,
      "hparams": {
        "lr": 0.061847232636556025,
        "batch_size": 32,
        "weight_decay": 0.0066836052330578695,
        "dropout": 0.22803499210851796,
        "epochs": 19,
        "beta1": 0.9861969489318307,
        "beta2": 0.9959859592723007,
        "save_dir": "experiments/best_models/enhanced_alshade",
        "optimizer_name": "adagrad",
        "use_fuzzy": true
      }
    },
    {
      "eval_idx": 10,
      "generation": 1,
      "individual": 4,
      "roc_auc": 0.7951973041912286,
      "train_time": 184.44967603683472,
      "hparams": {
        "lr": 0.037460266483547784,
        "batch_size": 32,
        "weight_decay": 0.005755965071810558,
        "dropout": 0.20826064411392203,
        "epochs": 18,
        "beta1": 0.8296389588638785,
        "beta2": 0.9492793423522733,
        "save_dir": "experiments/best_models/enhanced_alshade",
        "optimizer_name": "adagrad",
        "use_fuzzy": true
      }
    },
    {
      "eval_idx": 11,
      "generation": 2,
      "individual": 0,
      "roc_auc": 0.7984008661234705,
      "train_time": 349.2720353603363,
      "hparams": {
        "lr": 0.03997594472800585,
        "batch_size": 32,
        "weight_decay": 0.005768389132711416,
        "dropout": 0.0,
        "epochs": 38,
        "beta1": 0.99,
        "beta2": 0.9999,
        "save_dir": "experiments/best_models/enhanced_alshade",
        "optimizer_name": "adagrad",
        "use_fuzzy": true
      }
    },
    {
      "eval_idx": 12,
      "generation": 2,
      "individual": 1,
      "roc_auc": 0.8067429116882109,
      "train_time": 445.614217042923,
      "hparams": {
        "lr": 0.0639185677198205,
        "batch_size": 16,
        "weight_decay": 0.002345084754079435,
        "dropout": 0.0,
        "epochs": 30,
        "beta1": 0.99,
        "beta2": 0.9999,
        "save_dir": "experiments/best_models/enhanced_alshade",
        "optimizer_name": "adagrad",
        "use_fuzzy": true
      }
    },
    {
      "eval_idx": 13,
      "generation": 2,
      "individual": 2,
      "roc_auc": 0.802413647057126,
      "train_time": 307.252760887146,
      "hparams": {
        "lr": 0.08530624779439447,
        "batch_size": 64,
        "weight_decay": 0.0025744397036999997,
        "dropout": 0.08526206184364576,
        "epochs": 59,
        "beta1": 0.95922507561477,
        "beta2": 0.9743478846902797,
        "save_dir": "experiments/best_models/enhanced_alshade",
        "optimizer_name": "adagrad",
        "use_fuzzy": true
      }
    },
    {
      "eval_idx": 14,
      "generation": 2,
      "individual": 3,
      "roc_auc": 0.8001200155409092,
      "train_time": 114.48537135124207,
      "hparams": {
        "lr": 0.08564433896287352,
        "batch_size": 32,
        "weight_decay": 0.004220312794306048,
        "dropout": 0.0,
        "epochs": 18,
        "beta1": 0.99,
        "beta2": 0.9742188561048202,
        "save_dir": "experiments/best_models/enhanced_alshade",
        "optimizer_name": "adagrad",