{
  "accuracy": 0.8567092399873857,
  "f1_score": 0.3114226179200606,
  "roc_auc": 0.8060526673430543,
  "brier_score": 0.10284183256930064,
  "confusion_matrix": [
    [
      41822,
      1845
    ],
    [
      5425,
      1644
    ]
  ]
}