{
  "method": "enhanced_alshade",
  "n_evals": 15,
  "best": {
    "roc_auc": 0.8189464986590556,
    "hparams": {
      "lr": 0.059217634370406017,
      "batch_size": 16,
      "weight_decay": 0.00339131934824846,
      "dropout": 0.0,
      "epochs": 60,
      "beta1": 0.9568184300394347,
      "beta2": 0.966291093987152,
      "save_dir": "experiments/best_models/enhanced_alshade",
      "optimizer_name": "rmsprop",
      "use_fuzzy": true
    }
  },
  "all_results": [
    {
      "eval_idx": 1,
      "generation": 0,
      "individual": 0,
      "roc_auc": 0.815509685165031,
      "train_time": 53.92116856575012,
      "hparams": {
        "lr": 0.037460266483547784,
        "batch_size": 128,
        "weight_decay": 0.007319966218719871,
        "dropout": 0.2993292420985183,
        "epochs": 18,
        "beta1": 0.8296389588638785,
        "beta2": 0.9058025528556032,
        "save_dir": "experiments/best_models/enhanced_alshade",
        "optimizer_name": "rmsprop",
        "use_fuzzy": true
      }
    },
    {
      "eval_idx": 2,
      "generation": 0,
      "individual": 1,
      "roc_auc": 0.8183407978784241,
      "train_time": 250.9197597503662,
      "hparams": {
        "lr": 0.08661895281603578,
        "batch_size": 64,
        "weight_decay": 0.007080754970702676,
        "dropout": 0.010292247147901223,
        "epochs": 58,
        "beta1": 0.9581641017520801,
        "beta2": 0.9212126771567598,
        "save_dir": "experiments/best_models/enhanced_alshade",
        "optimizer_name": "rmsprop",
        "use_fuzzy": true
      }
    },
    {
      "eval_idx": 3,
      "generation": 0,
      "individual": 2,
      "roc_auc": 0.8185243170455807,
      "train_time": 255.38268113136292,
      "hparams": {
        "lr": 0.01819067847103799,
        "batch_size": 32,
        "weight_decay": 0.0030424920053710816,
        "dropout": 0.2623782158161189,
        "epochs": 32,
        "beta1": 0.855333536637628,
        "beta2": 0.9611241041827657,
        "save_dir": "experiments/best_models/enhanced_alshade",
        "optimizer_name": "rmsprop",
        "use_fuzzy": true
      }
    },
    {
      "eval_idx": 4,
      "generation": 0,
      "individual": 3,
      "roc_auc": 0.818864221385386,
      "train_time": 328.5010824203491,
      "hparams": {
        "lr": 0.013957991126597664,
        "batch_size": 32,
        "weight_decay": 0.0036636817967525877,
        "dropout": 0.22803499210851796,
        "epochs": 49,
        "beta1": 0.8379380186100884,
        "beta2": 0.9513720203975198,
        "save_dir": "experiments/best_models/enhanced_alshade",
        "optimizer_name": "rmsprop",
        "use_fuzzy": true
      }
    },
    {
      "eval_idx": 5,
      "generation": 0,
      "individual": 4,
      "roc_auc": 0.7992218882798756,
      "train_time": 165.1730604171753,
      "hparams": {
        "lr": 0.05924553274051564,
        "batch_size": 16,
        "weight_decay": 0.006075487764529194,
        "dropout": 0.08526206184364576,
        "epochs": 13,
        "beta1": 0.9802882520781333,
        "beta2": 0.9964666401041485,
        "save_dir": "experiments/best_models/enhanced_alshade",
        "optimizer_name": "rmsprop",
        "use_fuzzy": true
      }
    },
    {
      "eval_idx": 6,
      "generation": 1,
      "individual": 0,
      "roc_auc": 0.8098427384762482,
      "train_time": 342.03091740608215,
      "hparams": {
        "lr": 1e-05,
        "batch_size": 32,
        "weight_decay": 0.0006306860375944754,
        "dropout": 0.4051511460809911,
        "epochs": 49,
        "beta1": 0.8,
        "beta2": 0.9160294844761371,
        "save_dir": "experiments/best_models/enhanced_alshade",
        "optimizer_name": "rmsprop",
        "use_fuzzy": true
      }
    },
    {
      "eval_idx": 7,
      "generation": 1,
      "individual": 1,
      "roc_auc": 0.8127374290829316,
      "train_time": 194.85720443725586,
      "hparams": {
        "lr": 1e-05,
        "batch_size": 32,
        "weight_decay": 0.0030424920053710816,
        "dropout": 0.4051511460809911,
        "epochs": 32,
        "beta1": 0.8,
        "beta2": 0.9160294844761371,
        "save_dir": "experiments/best_models/enhanced_alshade",
        "optimizer_name": "rmsprop",
        "use_fuzzy": true
      }
    },
    {
      "eval_idx": 8,
      "generation": 1,
      "individual": 2,
      "roc_auc": 0.8182122893707098,
      "train_time": 211.128253698349,
      "hparams": {
        "lr": 0.08661895281603578,
        "batch_size": 64,
        "weight_decay": 0.006419667557422753,
        "dropout": 0.14168541674969246,
        "epochs": 57,
        "beta1": 0.9581641017520801,
        "beta2": 0.9028020070287849,
        "save_dir": "experiments/best_models/enhanced_alshade",
        "optimizer_name": "rmsprop",
        "use_fuzzy": true
      }
    },
    {
      "eval_idx": 9,
      "generation": 1,
      "individual": 3,
      "roc_auc": 0.813725366417674,
      "train_time": 37.3892982006073,
      "hparams": {
        "lr": 0.029120148511527097,
        "batch_size": 128,
        "weight_decay": 0.004602954474970203,
        "dropout": 0.2993292420985183,
        "epochs": 16,
        "beta1": 0.8535385968505517,
        "beta2": 0.941895216209972,
        "save_dir": "experiments/best_models/enhanced_alshade",
        "optimizer_name": "rmsprop",
        "use_fuzzy": true
      }
    },
    {
      "eval_idx": 10,
      "generation": 1,
      "individual": 4,
      "roc_auc": 0.8015789385457197,
      "train_time": 80.98739218711853,
      "hparams": {
        "lr": 0.05924553274051564,
        "batch_size": 32,
        "weight_decay": 0.005504710686159475,
        "dropout": 0.21010205080940814,
        "epochs": 13,
        "beta1": 0.9802882520781333,
        "beta2": 0.9562536144720173,
        "save_dir": "experiments/best_models/enhanced_alshade",
        "optimizer_name": "rmsprop",
        "use_fuzzy": true
      }
    },
    {
      "eval_idx": 11,
      "generation": 2,
      "individual": 0,
      "roc_auc": 0.8188182288668355,
      "train_time": 237.6498019695282,
      "hparams": {
        "lr": 0.013957991126597664,
        "batch_size": 64,
        "weight_decay": 0.003918925939528225,
        "dropout": 0.2010360096344207,
        "epochs": 60,
        "beta1": 0.8347955383416534,
        "beta2": 0.9513720203975198,
        "save_dir": "experiments/best_models/enhanced_alshade",
        "optimizer_name": "rmsprop",
        "use_fuzzy": true
      }
    },
    {
      "eval_idx": 12,
      "generation": 2,
      "individual": 1,
      "roc_auc": 0.8189464986590556,
      "train_time": 777.1424763202667,
      "hparams": {
        "lr": 0.059217634370406017,
        "batch_size": 16,
        "weight_decay": 0.00339131934824846,
        "dropout": 0.0,
        "epochs": 60,
        "beta1": 0.9568184300394347,
        "beta2": 0.966291093987152,
        "save_dir": "experiments/best_models/enhanced_alshade",
        "optimizer_name": "rmsprop",
        "use_fuzzy": true
      }
    },
    {
      "eval_idx": 13,
      "generation": 2,
      "individual": 2,
      "roc_auc": 0.8181016580011173,
      "train_time": 476.2353575229645,
      "hparams": {
        "lr": 0.08661895281603578,
        "batch_size": 32,
        "weight_decay": 0.007080754970702676,
        "dropout": 0.010292247147901223,
        "epochs": 58,
        "beta1": 0.9581641017520801,
        "beta2": 0.9212126771567598,
        "save_dir": "experiments/best_models/enhanced_alshade",
        "optimizer_name": "rmsprop",
        "use_fuzzy": true
      }
    },
    {
      "eval_idx": 14,
      "generation": 2,
      "individual": 3,
      "roc_auc": 0.8032214337655746,
      "train_time": 84.74593138694763,
      "hparams": {
        "lr": 1e-05,
        "batch_size": 64,
        "weight_decay": 0.002354804254152922,
        "dropout": 0.39452730233031097,
        "epochs": 18,
        "beta1": 0.8,
        "beta2": 0.9193720015716694,