{
  "method": "enhanced_alshade",
  "n_evals": 15,
  "best": {
    "roc_auc": 0.8194385178165575,
    "hparams": {
      "lr": 0.024181097181794307,
      "batch_size": 16,
      "weight_decay": 0.0018547333652992072,
      "dropout": 0.1330832808934304,
      "epochs": 58,
      "beta1": 0.8939597158955168,
      "beta2": 0.979270023401527,
      "save_dir": "experiments/best_models/enhanced_alshade",
      "optimizer_name": "sgd",
      "use_fuzzy": true
    }
  },
  "all_results": [
    {
      "eval_idx": 1,
      "generation": 0,
      "individual": 0,
      "roc_auc": 0.8176242535366496,
      "train_time": 36.23504900932312,
      "hparams": {
        "lr": 0.037460266483547784,
        "batch_size": 128,
        "weight_decay": 0.007319966218719871,
        "dropout": 0.2993292420985183,
        "epochs": 18,
        "beta1": 0.8296389588638785,
        "beta2": 0.9058025528556032,
        "save_dir": "experiments/best_models/enhanced_alshade",
        "optimizer_name": "sgd",
        "use_fuzzy": true
      }
    },
    {
      "eval_idx": 2,
      "generation": 0,
      "individual": 1,
      "roc_auc": 0.8183829709490671,
      "train_time": 175.28539872169495,
      "hparams": {
        "lr": 0.08661895281603578,
        "batch_size": 64,
        "weight_decay": 0.007080754970702676,
        "dropout": 0.010292247147901223,
        "epochs": 58,
        "beta1": 0.9581641017520801,
        "beta2": 0.9212126771567598,
        "save_dir": "experiments/best_models/enhanced_alshade",
        "optimizer_name": "sgd",
        "use_fuzzy": true
      }
    },
    {
      "eval_idx": 3,
      "generation": 0,
      "individual": 2,
      "roc_auc": 0.8185379238287503,
      "train_time": 152.75898218154907,
      "hparams": {
        "lr": 0.01819067847103799,
        "batch_size": 32,
        "weight_decay": 0.0030424920053710816,
        "dropout": 0.2623782158161189,
        "epochs": 32,
        "beta1": 0.855333536637628,
        "beta2": 0.9611241041827657,
        "save_dir": "experiments/best_models/enhanced_alshade",
        "optimizer_name": "sgd",
        "use_fuzzy": true
      }
    },
    {
      "eval_idx": 4,
      "generation": 0,
      "individual": 3,
      "roc_auc": 0.8188727620952897,
      "train_time": 233.387553691864,
      "hparams": {
        "lr": 0.013957991126597664,
        "batch_size": 32,
        "weight_decay": 0.0036636817967525877,
        "dropout": 0.22803499210851796,
        "epochs": 49,
        "beta1": 0.8379380186100884,
        "beta2": 0.9513720203975198,
        "save_dir": "experiments/best_models/enhanced_alshade",
        "optimizer_name": "sgd",
        "use_fuzzy": true
      }
    },
    {
      "eval_idx": 5,
      "generation": 0,
      "individual": 4,
      "roc_auc": 0.8155637674864404,
      "train_time": 109.38667058944702,
      "hparams": {
        "lr": 0.05924553274051564,
        "batch_size": 16,
        "weight_decay": 0.006075487764529194,
        "dropout": 0.08526206184364576,
        "epochs": 13,
        "beta1": 0.9802882520781333,
        "beta2": 0.9964666401041485,
        "save_dir": "experiments/best_models/enhanced_alshade",
        "optimizer_name": "sgd",
        "use_fuzzy": true
      }
    },
    {
      "eval_idx": 6,
      "generation": 1,
      "individual": 0,
      "roc_auc": 0.7497792942636348,
      "train_time": 235.47606229782104,
      "hparams": {
        "lr": 1e-05,
        "batch_size": 32,
        "weight_decay": 0.0006306860375944754,
        "dropout": 0.4051511460809911,
        "epochs": 49,
        "beta1": 0.8,
        "beta2": 0.9160294844761371,
        "save_dir": "experiments/best_models/enhanced_alshade",
        "optimizer_name": "sgd",
        "use_fuzzy": true
      }
    },
    {
      "eval_idx": 7,
      "generation": 1,
      "individual": 1,
      "roc_auc": 0.6038472078668744,
      "train_time": 152.5578362941742,
      "hparams": {
        "lr": 1e-05,
        "batch_size": 32,
        "weight_decay": 0.0030424920053710816,
        "dropout": 0.4051511460809911,
        "epochs": 32,
        "beta1": 0.8,
        "beta2": 0.9160294844761371,
        "save_dir": "experiments/best_models/enhanced_alshade",
        "optimizer_name": "sgd",
        "use_fuzzy": true
      }
    },
    {
      "eval_idx": 8,
      "generation": 1,
      "individual": 2,
      "roc_auc": 0.8183352808981135,
      "train_time": 178.09857082366943,
      "hparams": {
        "lr": 0.08661895281603578,
        "batch_size": 64,
        "weight_decay": 0.006419667557422753,
        "dropout": 0.14168541674969246,
        "epochs": 57,
        "beta1": 0.9581641017520801,
        "beta2": 0.9028020070287849,
        "save_dir": "experiments/best_models/enhanced_alshade",
        "optimizer_name": "sgd",
        "use_fuzzy": true
      }
    },
    {
      "eval_idx": 9,
      "generation": 1,
      "individual": 3,
      "roc_auc": 0.8184102110393502,
      "train_time": 31.82044267654419,
      "hparams": {
        "lr": 0.029120148511527097,
        "batch_size": 128,
        "weight_decay": 0.004602954474970203,
        "dropout": 0.2993292420985183,
        "epochs": 16,
        "beta1": 0.8535385968505517,
        "beta2": 0.941895216209972,
        "save_dir": "experiments/best_models/enhanced_alshade",
        "optimizer_name": "sgd",
        "use_fuzzy": true
      }
    },
    {
      "eval_idx": 10,
      "generation": 1,
      "individual": 4,
      "roc_auc": 0.8160008025084436,
      "train_time": 61.52903437614441,
      "hparams": {
        "lr": 0.05924553274051564,
        "batch_size": 32,
        "weight_decay": 0.005504710686159475,
        "dropout": 0.21010205080940814,
        "epochs": 13,
        "beta1": 0.9802882520781333,
        "beta2": 0.9562536144720173,
        "save_dir": "experiments/best_models/enhanced_alshade",
        "optimizer_name": "sgd",
        "use_fuzzy": true
      }
    },
    {
      "eval_idx": 11,
      "generation": 2,
      "individual": 0,
      "roc_auc": 0.8190307917524541,
      "train_time": 169.75513410568237,
      "hparams": {
        "lr": 0.013957991126597664,
        "batch_size": 32,
        "weight_decay": 0.0014452321914604793,
        "dropout": 0.2508582729310738,
        "epochs": 36,
        "beta1": 0.8653813055405183,
        "beta2": 0.9513720203975198,
        "save_dir": "experiments/best_models/enhanced_alshade",
        "optimizer_name": "sgd",
        "use_fuzzy": true
      }
    },
    {
      "eval_idx": 12,
      "generation": 2,
      "individual": 1,
      "roc_auc": 0.44230360558004367,
      "train_time": 28.897292375564575,
      "hparams": {
        "lr": 1e-05,
        "batch_size": 64,
        "weight_decay": 0.0013470130576471444,
        "dropout": 0.4949675929251496,
        "epochs": 10,
        "beta1": 0.8,
        "beta2": 0.9711059257635873,
        "save_dir": "experiments/best_models/enhanced_alshade",
        "optimizer_name": "sgd",
        "use_fuzzy": true
      }
    },
    {
      "eval_idx": 13,
      "generation": 2,
      "individual": 2,
      "roc_auc": 0.6476234917689837,
      "train_time": 71.22167801856995,
      "hparams": {
        "lr": 1e-05,
        "batch_size": 128,
        "weight_decay": 0.0019063083915124045,
        "dropout": 0.2993292420985183,
        "epochs": 36,
        "beta1": 0.8,
        "beta2": 0.9324355012268803,
        "save_dir": "experiments/best_models/enhanced_alshade",
        "optimizer_name": "sgd",
        "use_fuzzy": true
      }
    },
    {
      "eval_idx": 14,
      "generation": 2,
      "individual": 3,
      "roc_auc": 0.8194385178165575,
      "train_time": 489.01456236839294,
      "hparams": {
        "lr": 0.024181097181794307,
        "batch_size": 16,
        "weight_decay": 0.0018547333652992072,
        "dropout": 0.1330832808934304,
        "epochs": 58,
        "beta1": 0.8939597158955168,
        "beta2": 0.979270023401527,