{
  "method": "enhanced_alshade",
  "n_evals": 15,
  "best": {
    "roc_auc": 0.8199112540669163,
    "hparams": {
      "lr": 0.02274494611837929,
      "batch_size": 16,
      "weight_decay": 0.002430380814324325,
      "dropout": 0.29672279311008676,
      "epochs": 14,
      "beta1": 0.9437341475338823,
      "beta2": 0.9718744856974074,
      "save_dir": "experiments/best_models/enhanced_alshade",
      "optimizer_name": "adagrad",
      "use_fuzzy": true
    }
  },
  "all_results": [
    {
      "eval_idx": 1,
      "generation": 0,
      "individual": 0,
      "roc_auc": 0.8177359989118818,
      "train_time": 47.36022400856018,
      "hparams": {
        "lr": 0.037460266483547784,
        "batch_size": 128,
        "weight_decay": 0.007319966218719871,
        "dropout": 0.2993292420985183,
        "epochs": 18,
        "beta1": 0.8296389588638785,
        "beta2": 0.9058025528556032,
        "save_dir": "experiments/best_models/enhanced_alshade",
        "optimizer_name": "adagrad",
        "use_fuzzy": true
      }
    },
    {
      "eval_idx": 2,
      "generation": 0,
      "individual": 1,
      "roc_auc": 0.8184313240986156,
      "train_time": 241.5860562324524,
      "hparams": {
        "lr": 0.08661895281603578,
        "batch_size": 64,
        "weight_decay": 0.007080754970702676,
        "dropout": 0.010292247147901223,
        "epochs": 58,
        "beta1": 0.9581641017520801,
        "beta2": 0.9212126771567598,
        "save_dir": "experiments/best_models/enhanced_alshade",
        "optimizer_name": "adagrad",
        "use_fuzzy": true
      }
    },
    {
      "eval_idx": 3,
      "generation": 0,
      "individual": 2,
      "roc_auc": 0.819353561624564,
      "train_time": 174.088787317276,
      "hparams": {
        "lr": 0.01819067847103799,
        "batch_size": 32,
        "weight_decay": 0.0030424920053710816,
        "dropout": 0.2623782158161189,
        "epochs": 32,
        "beta1": 0.855333536637628,
        "beta2": 0.9611241041827657,
        "save_dir": "experiments/best_models/enhanced_alshade",
        "optimizer_name": "adagrad",
        "use_fuzzy": true
      }
    },
    {
      "eval_idx": 4,
      "generation": 0,
      "individual": 3,
      "roc_auc": 0.8189892022085746,
      "train_time": 265.9560499191284,
      "hparams": {
        "lr": 0.013957991126597664,
        "batch_size": 32,
        "weight_decay": 0.0036636817967525877,
        "dropout": 0.22803499210851796,
        "epochs": 49,
        "beta1": 0.8379380186100884,
        "beta2": 0.9513720203975198,
        "save_dir": "experiments/best_models/enhanced_alshade",
        "optimizer_name": "adagrad",
        "use_fuzzy": true
      }
    },
    {
      "eval_idx": 5,
      "generation": 0,
      "individual": 4,
      "roc_auc": 0.8184321198169296,
      "train_time": 137.35209894180298,
      "hparams": {
        "lr": 0.05924553274051564,
        "batch_size": 16,
        "weight_decay": 0.006075487764529194,
        "dropout": 0.08526206184364576,
        "epochs": 13,
        "beta1": 0.9802882520781333,
        "beta2": 0.9964666401041485,
        "save_dir": "experiments/best_models/enhanced_alshade",
        "optimizer_name": "adagrad",
        "use_fuzzy": true
      }
    },
    {
      "eval_idx": 6,
      "generation": 1,
      "individual": 0,
      "roc_auc": 0.6050218472420297,
      "train_time": 304.47184228897095,
      "hparams": {
        "lr": 1e-05,
        "batch_size": 16,
        "weight_decay": 1e-07,
        "dropout": 0.19108396582611858,
        "epochs": 32,
        "beta1": 0.8636325963838378,
        "beta2": 0.9999,
        "save_dir": "experiments/best_models/enhanced_alshade",
        "optimizer_name": "adagrad",
        "use_fuzzy": true
      }
    },
    {
      "eval_idx": 7,
      "generation": 1,
      "individual": 1,
      "roc_auc": 0.7253588053021575,
      "train_time": 476.14158153533936,
      "hparams": {
        "lr": 1e-05,
        "batch_size": 16,
        "weight_decay": 0.0036636817967525877,
        "dropout": 0.19108396582611858,
        "epochs": 49,
        "beta1": 0.8636325963838378,
        "beta2": 0.9999,
        "save_dir": "experiments/best_models/enhanced_alshade",
        "optimizer_name": "adagrad",
        "use_fuzzy": true
      }
    },
    {
      "eval_idx": 8,
      "generation": 1,
      "individual": 2,
      "roc_auc": 0.8187961609455935,
      "train_time": 335.40649223327637,
      "hparams": {
        "lr": 0.05924553274051564,
        "batch_size": 16,
        "weight_decay": 0.005079805115383518,
        "dropout": 0.05120625816271436,
        "epochs": 31,
        "beta1": 0.9802882520781333,
        "beta2": 0.9904015114731146,
        "save_dir": "experiments/best_models/enhanced_alshade",
        "optimizer_name": "adagrad",
        "use_fuzzy": true
      }
    },
    {
      "eval_idx": 9,
      "generation": 1,
      "individual": 3,
      "roc_auc": 0.8187630325397863,
      "train_time": 234.7042374610901,
      "hparams": {
        "lr": 0.043970396547822074,
        "batch_size": 64,
        "weight_decay": 0.005530036657044497,
        "dropout": 0.010292247147901223,
        "epochs": 60,
        "beta1": 0.8818331865861937,
        "beta2": 0.9325314292787337,
        "save_dir": "experiments/best_models/enhanced_alshade",
        "optimizer_name": "adagrad",
        "use_fuzzy": true
      }
    },
    {
      "eval_idx": 10,
      "generation": 1,
      "individual": 4,
      "roc_auc": 0.8182858667908128,
      "train_time": 67.34138464927673,
      "hparams": {
        "lr": 0.037460266483547784,
        "batch_size": 64,
        "weight_decay": 0.006076780239394883,
        "dropout": 0.1843352106394411,
        "epochs": 18,
        "beta1": 0.8296389588638785,
        "beta2": 0.9252632274466165,
        "save_dir": "experiments/best_models/enhanced_alshade",
        "optimizer_name": "adagrad",
        "use_fuzzy": true
      }
    },
    {
      "eval_idx": 11,
      "generation": 2,
      "individual": 0,
      "roc_auc": 0.8193069060074185,
      "train_time": 308.68455839157104,
      "hparams": {
        "lr": 0.01819067847103799,
        "batch_size": 32,
        "weight_decay": 0.002793617417138951,
        "dropout": 0.21692266326318083,
        "epochs": 55,
        "beta1": 0.8437730961741283,
        "beta2": 0.9611241041827657,
        "save_dir": "experiments/best_models/enhanced_alshade",
        "optimizer_name": "adagrad",
        "use_fuzzy": true
      }
    },
    {
      "eval_idx": 12,
      "generation": 2,
      "individual": 1,
      "roc_auc": 0.8195526768706755,
      "train_time": 98.30399417877197,
      "hparams": {
        "lr": 0.03177276729136528,
        "batch_size": 16,
        "weight_decay": 0.002685247109255249,
        "dropout": 0.29676079274984163,
        "epochs": 10,
        "beta1": 0.9437341475338823,
        "beta2": 0.9999,
        "save_dir": "experiments/best_models/enhanced_alshade",
        "optimizer_name": "adagrad",
        "use_fuzzy": true
      }
    },
    {
      "eval_idx": 13,
      "generation": 2,
      "individual": 2,
      "roc_auc": 0.6855699454434304,
      "train_time": 345.16779232025146,
      "hparams": {
        "lr": 1e-05,
        "batch_size": 16,
        "weight_decay": 0.0022823701884894716,
        "dropout": 0.05120625816271436,
        "epochs": 36,
        "beta1": 0.8283101232791845,
        "beta2": 0.985267505148735,
        "save_dir": "experiments/best_models/enhanced_alshade",
        "optimizer_name": "adagrad",
        "use_fuzzy": true
      }
    },
    {
      "eval_idx": 14,
      "generation": 2,
      "individual": 3,
      "roc_auc": 0.7331700537035595,
      "train_time": 321.20300793647766,
      "hparams": {
        "lr": 1e-05,
        "batch_size": 32,
        "weight_decay": 0.0022024709275830726,
        "dropout": 0.2784745109047492,
        "epochs": 60,
        "beta1": 0.8,
        "beta2": 0.9213235549582899,