{
  "method": "enhanced_alshade",
  "n_evals": 15,
  "best": {
    "roc_auc": 0.8199275132444662,
    "hparams": {
      "lr": 0.0317060914131513,
      "batch_size": 64,
      "weight_decay": 0.002676935906670988,
      "dropout": 0.15213553554914613,
      "epochs": 60,
      "beta1": 0.894249519508919,
      "beta2": 0.9578321330715924,
      "save_dir": "experiments/best_models/enhanced_alshade",
      "optimizer_name": "adam",
      "use_fuzzy": true
    }
  },
  "all_results": [
    {
      "eval_idx": 1,
      "generation": 0,
      "individual": 0,
      "roc_auc": 0.8151449544138283,
      "train_time": 42.6804084777832,
      "hparams": {
        "lr": 0.037460266483547784,
        "batch_size": 128,
        "weight_decay": 0.007319966218719871,
        "dropout": 0.2993292420985183,
        "epochs": 18,
        "beta1": 0.8296389588638785,
        "beta2": 0.9058025528556032,
        "save_dir": "experiments/best_models/enhanced_alshade",
        "optimizer_name": "adam",
        "use_fuzzy": true
      }
    },
    {
      "eval_idx": 2,
      "generation": 0,
      "individual": 1,
      "roc_auc": 0.8180351359500654,
      "train_time": 207.4920530319214,
      "hparams": {
        "lr": 0.08661895281603578,
        "batch_size": 64,
        "weight_decay": 0.007080754970702676,
        "dropout": 0.010292247147901223,
        "epochs": 58,
        "beta1": 0.9581641017520801,
        "beta2": 0.9212126771567598,
        "save_dir": "experiments/best_models/enhanced_alshade",
        "optimizer_name": "adam",
        "use_fuzzy": true
      }
    },
    {
      "eval_idx": 3,
      "generation": 0,
      "individual": 2,
      "roc_auc": 0.8196577647360135,
      "train_time": 201.34025502204895,
      "hparams": {
        "lr": 0.01819067847103799,
        "batch_size": 32,
        "weight_decay": 0.0030424920053710816,
        "dropout": 0.2623782158161189,
        "epochs": 32,
        "beta1": 0.855333536637628,
        "beta2": 0.9611241041827657,
        "save_dir": "experiments/best_models/enhanced_alshade",
        "optimizer_name": "adam",
        "use_fuzzy": true
      }
    },
    {
      "eval_idx": 4,
      "generation": 0,
      "individual": 3,
      "roc_auc": 0.8195690421440004,
      "train_time": 307.9279987812042,
      "hparams": {
        "lr": 0.013957991126597664,
        "batch_size": 32,
        "weight_decay": 0.0036636817967525877,
        "dropout": 0.22803499210851796,
        "epochs": 49,
        "beta1": 0.8379380186100884,
        "beta2": 0.9513720203975198,
        "save_dir": "experiments/best_models/enhanced_alshade",
        "optimizer_name": "adam",
        "use_fuzzy": true
      }
    },
    {
      "eval_idx": 5,
      "generation": 0,
      "individual": 4,
      "roc_auc": 0.8068642587310988,
      "train_time": 149.0620982646942,
      "hparams": {
        "lr": 0.05924553274051564,
        "batch_size": 16,
        "weight_decay": 0.006075487764529194,
        "dropout": 0.08526206184364576,
        "epochs": 13,
        "beta1": 0.9802882520781333,
        "beta2": 0.9964666401041485,
        "save_dir": "experiments/best_models/enhanced_alshade",
        "optimizer_name": "adam",
        "use_fuzzy": true
      }
    },
    {
      "eval_idx": 6,
      "generation": 1,
      "individual": 0,
      "roc_auc": 0.8113798010194956,
      "train_time": 202.35477805137634,
      "hparams": {
        "lr": 1e-05,
        "batch_size": 32,
        "weight_decay": 0.0006306860375944754,
        "dropout": 0.4051511460809911,
        "epochs": 32,
        "beta1": 0.8,
        "beta2": 0.9160294844761371,
        "save_dir": "experiments/best_models/enhanced_alshade",
        "optimizer_name": "adam",
        "use_fuzzy": true
      }
    },
    {
      "eval_idx": 7,
      "generation": 1,
      "individual": 1,
      "roc_auc": 0.8103593453296534,
      "train_time": 309.7981376647949,
      "hparams": {
        "lr": 1e-05,
        "batch_size": 32,
        "weight_decay": 0.0036636817967525877,
        "dropout": 0.4051511460809911,
        "epochs": 49,
        "beta1": 0.8,
        "beta2": 0.9160294844761371,
        "save_dir": "experiments/best_models/enhanced_alshade",
        "optimizer_name": "adam",
        "use_fuzzy": true
      }
    },
    {
      "eval_idx": 8,
      "generation": 1,
      "individual": 2,
      "roc_auc": 0.8186051885502288,
      "train_time": 187.82580399513245,
      "hparams": {
        "lr": 0.08661895281603578,
        "batch_size": 64,
        "weight_decay": 0.006230648985019259,
        "dropout": 0.15213553554914613,
        "epochs": 52,
        "beta1": 0.9581641017520801,
        "beta2": 0.9057694172802427,
        "save_dir": "experiments/best_models/enhanced_alshade",
        "optimizer_name": "adam",
        "use_fuzzy": true
      }
    },
    {
      "eval_idx": 9,
      "generation": 1,
      "individual": 3,
      "roc_auc": 0.8184961751412083,
      "train_time": 107.40880727767944,
      "hparams": {
        "lr": 0.022077251992378217,
        "batch_size": 128,
        "weight_decay": 0.005636570961006715,
        "dropout": 0.2993292420985183,
        "epochs": 45,
        "beta1": 0.8245936681574663,
        "beta2": 0.9256684289808674,
        "save_dir": "experiments/best_models/enhanced_alshade",
        "optimizer_name": "adam",
        "use_fuzzy": true
      }
    },
    {
      "eval_idx": 10,
      "generation": 1,
      "individual": 4,
      "roc_auc": 0.8111188849843286,
      "train_time": 81.55185985565186,
      "hparams": {
        "lr": 0.05924553274051564,
        "batch_size": 32,
        "weight_decay": 0.005702953606847507,
        "dropout": 0.19914195283597586,
        "epochs": 13,
        "beta1": 0.9802882520781333,
        "beta2": 0.9531413908018859,
        "save_dir": "experiments/best_models/enhanced_alshade",
        "optimizer_name": "adam",
        "use_fuzzy": true
      }
    },
    {
      "eval_idx": 11,
      "generation": 2,
      "individual": 0,
      "roc_auc": 0.819456129715241,
      "train_time": 245.71657824516296,
      "hparams": {
        "lr": 0.01819067847103799,
        "batch_size": 32,
        "weight_decay": 0.0028903624722828136,
        "dropout": 0.33381892230992843,
        "epochs": 39,
        "beta1": 0.8437730961741283,
        "beta2": 0.9611241041827657,
        "save_dir": "experiments/best_models/enhanced_alshade",
        "optimizer_name": "adam",
        "use_fuzzy": true
      }
    },
    {
      "eval_idx": 12,
      "generation": 2,
      "individual": 1,
      "roc_auc": 0.8184367084592071,
      "train_time": 449.3767521381378,
      "hparams": {
        "lr": 0.07676357929235537,
        "batch_size": 16,
        "weight_decay": 0.0036389230087622254,
        "dropout": 0.12497859075829984,
        "epochs": 39,
        "beta1": 0.9758019187796987,
        "beta2": 0.9421057253016876,
        "save_dir": "experiments/best_models/enhanced_alshade",
        "optimizer_name": "adam",
        "use_fuzzy": true
      }
    },
    {
      "eval_idx": 13,
      "generation": 2,
      "individual": 2,
      "roc_auc": 0.8199275132444662,
      "train_time": 216.89922785758972,
      "hparams": {
        "lr": 0.0317060914131513,
        "batch_size": 64,
        "weight_decay": 0.002676935906670988,
        "dropout": 0.15213553554914613,
        "epochs": 60,
        "beta1": 0.894249519508919,
        "beta2": 0.9578321330715924,
        "save_dir": "experiments/best_models/enhanced_alshade",
        "optimizer_name": "adam",
        "use_fuzzy": true
      }
    },
    {
      "eval_idx": 14,
      "generation": 2,
      "individual": 3,
      "roc_auc": 0.8100650621731852,
      "train_time": 284.12865447998047,
      "hparams": {
        "lr": 1e-05,
        "batch_size": 32,
        "weight_decay": 0.0015538862595729783,
        "dropout": 0.4221202758440475,
        "epochs": 45,
        "beta1": 0.8,
        "beta2": 0.9702331690182479,