{
  "method": "enhanced_alshade",
  "n_evals": 15,
  "best": {
    "roc_auc": 0.8196605762740564,
    "hparams": {
      "lr": 0.0375793262161001,
      "batch_size": 64,
      "weight_decay": 0.002139276266717724,
      "dropout": 0.14168541674969246,
      "epochs": 51,
      "beta1": 0.9150305530552504,
      "beta2": 0.9663502160404328,
      "save_dir": "experiments/best_models/enhanced_alshade",
      "optimizer_name": "rmsprop",
      "use_fuzzy": true
    }
  },
  "all_results": [
    {
      "eval_idx": 1,
      "generation": 0,
      "individual": 0,
      "roc_auc": 0.8098052866676019,
      "train_time": 44.677865743637085,
      "hparams": {
        "lr": 0.037460266483547784,
        "batch_size": 128,
        "weight_decay": 0.007319966218719871,
        "dropout": 0.2993292420985183,
        "epochs": 18,
        "beta1": 0.8296389588638785,
        "beta2": 0.9058025528556032,
        "save_dir": "experiments/best_models/enhanced_alshade",
        "optimizer_name": "rmsprop",
        "use_fuzzy": true
      }
    },
    {
      "eval_idx": 2,
      "generation": 0,
      "individual": 1,
      "roc_auc": 0.8179891964794027,
      "train_time": 195.26789808273315,
      "hparams": {
        "lr": 0.08661895281603578,
        "batch_size": 64,
        "weight_decay": 0.007080754970702676,
        "dropout": 0.010292247147901223,
        "epochs": 58,
        "beta1": 0.9581641017520801,
        "beta2": 0.9212126771567598,
        "save_dir": "experiments/best_models/enhanced_alshade",
        "optimizer_name": "rmsprop",
        "use_fuzzy": true
      }
    },
    {
      "eval_idx": 3,
      "generation": 0,
      "individual": 2,
      "roc_auc": 0.8193494238893311,
      "train_time": 181.0590443611145,
      "hparams": {
        "lr": 0.01819067847103799,
        "batch_size": 32,
        "weight_decay": 0.0030424920053710816,
        "dropout": 0.2623782158161189,
        "epochs": 32,
        "beta1": 0.855333536637628,
        "beta2": 0.9611241041827657,
        "save_dir": "experiments/best_models/enhanced_alshade",
        "optimizer_name": "rmsprop",
        "use_fuzzy": true
      }
    },
    {
      "eval_idx": 4,
      "generation": 0,
      "individual": 3,
      "roc_auc": 0.8194722032251843,
      "train_time": 275.87960624694824,
      "hparams": {
        "lr": 0.013957991126597664,
        "batch_size": 32,
        "weight_decay": 0.0036636817967525877,
        "dropout": 0.22803499210851796,
        "epochs": 49,
        "beta1": 0.8379380186100884,
        "beta2": 0.9513720203975198,
        "save_dir": "experiments/best_models/enhanced_alshade",
        "optimizer_name": "rmsprop",
        "use_fuzzy": true
      }
    },
    {
      "eval_idx": 5,
      "generation": 0,
      "individual": 4,
      "roc_auc": 0.7958868736821578,
      "train_time": 133.13354063034058,
      "hparams": {
        "lr": 0.05924553274051564,
        "batch_size": 16,
        "weight_decay": 0.006075487764529194,
        "dropout": 0.08526206184364576,
        "epochs": 13,
        "beta1": 0.9802882520781333,
        "beta2": 0.9964666401041485,
        "save_dir": "experiments/best_models/enhanced_alshade",
        "optimizer_name": "rmsprop",
        "use_fuzzy": true
      }
    },
    {
      "eval_idx": 6,
      "generation": 1,
      "individual": 0,
      "roc_auc": 0.8108766152816536,
      "train_time": 272.26953983306885,
      "hparams": {
        "lr": 1e-05,
        "batch_size": 32,
        "weight_decay": 0.0006306860375944754,
        "dropout": 0.4051511460809911,
        "epochs": 49,
        "beta1": 0.8,
        "beta2": 0.9160294844761371,
        "save_dir": "experiments/best_models/enhanced_alshade",
        "optimizer_name": "rmsprop",
        "use_fuzzy": true
      }
    },
    {
      "eval_idx": 7,
      "generation": 1,
      "individual": 1,
      "roc_auc": 0.8101240779481417,
      "train_time": 177.22169399261475,
      "hparams": {
        "lr": 1e-05,
        "batch_size": 32,
        "weight_decay": 0.0030424920053710816,
        "dropout": 0.4051511460809911,
        "epochs": 32,
        "beta1": 0.8,
        "beta2": 0.9160294844761371,
        "save_dir": "experiments/best_models/enhanced_alshade",
        "optimizer_name": "rmsprop",
        "use_fuzzy": true
      }
    },
    {
      "eval_idx": 8,
      "generation": 1,
      "individual": 2,
      "roc_auc": 0.8185803886627752,
      "train_time": 191.99358344078064,
      "hparams": {
        "lr": 0.08661895281603578,
        "batch_size": 64,
        "weight_decay": 0.006419667557422753,
        "dropout": 0.14168541674969246,
        "epochs": 57,
        "beta1": 0.9581641017520801,
        "beta2": 0.9028020070287849,
        "save_dir": "experiments/best_models/enhanced_alshade",
        "optimizer_name": "rmsprop",
        "use_fuzzy": true
      }
    },
    {
      "eval_idx": 9,
      "generation": 1,
      "individual": 3,
      "roc_auc": 0.8158131190821103,
      "train_time": 39.35228085517883,
      "hparams": {
        "lr": 0.029120148511527097,
        "batch_size": 128,
        "weight_decay": 0.004602954474970203,
        "dropout": 0.2993292420985183,
        "epochs": 16,
        "beta1": 0.8535385968505517,
        "beta2": 0.941895216209972,
        "save_dir": "experiments/best_models/enhanced_alshade",
        "optimizer_name": "rmsprop",
        "use_fuzzy": true
      }
    },
    {
      "eval_idx": 10,
      "generation": 1,
      "individual": 4,
      "roc_auc": 0.8077690965499139,
      "train_time": 75.27582550048828,
      "hparams": {
        "lr": 0.05924553274051564,
        "batch_size": 32,
        "weight_decay": 0.005504710686159475,
        "dropout": 0.21010205080940814,
        "epochs": 13,
        "beta1": 0.9802882520781333,
        "beta2": 0.9562536144720173,
        "save_dir": "experiments/best_models/enhanced_alshade",
        "optimizer_name": "rmsprop",
        "use_fuzzy": true
      }
    },
    {
      "eval_idx": 11,
      "generation": 2,
      "individual": 0,
      "roc_auc": 0.8194314093996189,
      "train_time": 204.64453315734863,
      "hparams": {
        "lr": 0.013957991126597664,
        "batch_size": 32,
        "weight_decay": 0.00281152612891199,
        "dropout": 0.3381774842409802,
        "epochs": 37,
        "beta1": 0.849498459073588,
        "beta2": 0.9513720203975198,
        "save_dir": "experiments/best_models/enhanced_alshade",
        "optimizer_name": "rmsprop",
        "use_fuzzy": true
      }
    },
    {
      "eval_idx": 12,
      "generation": 2,
      "individual": 1,
      "roc_auc": 0.8190151426256115,
      "train_time": 610.0708343982697,
      "hparams": {
        "lr": 0.06683392916497811,
        "batch_size": 16,
        "weight_decay": 0.005268813866757896,
        "dropout": 0.08705336222781324,
        "epochs": 60,
        "beta1": 0.9349929967541122,
        "beta2": 0.9165180024696196,
        "save_dir": "experiments/best_models/enhanced_alshade",
        "optimizer_name": "rmsprop",
        "use_fuzzy": true
      }
    },
    {
      "eval_idx": 13,
      "generation": 2,
      "individual": 2,
      "roc_auc": 0.8196605762740564,
      "train_time": 180.25485277175903,
      "hparams": {
        "lr": 0.0375793262161001,
        "batch_size": 64,
        "weight_decay": 0.002139276266717724,
        "dropout": 0.14168541674969246,
        "epochs": 51,
        "beta1": 0.9150305530552504,
        "beta2": 0.9663502160404328,
        "save_dir": "experiments/best_models/enhanced_alshade",
        "optimizer_name": "rmsprop",
        "use_fuzzy": true
      }
    },
    {
      "eval_idx": 14,
      "generation": 2,
      "individual": 3,
      "roc_auc": 0.8087573256480383,
      "train_time": 88.49957346916199,
      "hparams": {
        "lr": 1e-05,
        "batch_size": 32,
        "weight_decay": 0.0012222866454637776,
        "dropout": 0.4221202758440475,
        "epochs": 16,
        "beta1": 0.8,