{
  "method": "enhanced_alshade",
  "n_evals": 15,
  "best": {
    "roc_auc": 0.8156266292332479,
    "hparams": {
      "lr": 1e-05,
      "batch_size": 128,
      "weight_decay": 0.003713177218531323,
      "dropout": 0.010292247147901223,
      "epochs": 60,
      "beta1": 0.8960845150085051,
      "beta2": 0.9632151635567343,
      "save_dir": "experiments/best_models/enhanced_alshade",
      "optimizer_name": "lion",
      "use_fuzzy": true
    }
  },
  "all_results": [
    {
      "eval_idx": 1,
      "generation": 0,
      "individual": 0,
      "roc_auc": 0.5639532070949216,
      "train_time": 60.67935061454773,
      "hparams": {
        "lr": 0.037460266483547784,
        "batch_size": 128,
        "weight_decay": 0.007319966218719871,
        "dropout": 0.2993292420985183,
        "epochs": 18,
        "beta1": 0.8296389588638785,
        "beta2": 0.9058025528556032,
        "save_dir": "experiments/best_models/enhanced_alshade",
        "optimizer_name": "lion",
        "use_fuzzy": true
      }
    },
    {
      "eval_idx": 2,
      "generation": 0,
      "individual": 1,
      "roc_auc": 0.49947315490428784,
      "train_time": 253.27614784240723,
      "hparams": {
        "lr": 0.08661895281603578,
        "batch_size": 64,
        "weight_decay": 0.007080754970702676,
        "dropout": 0.010292247147901223,
        "epochs": 58,
        "beta1": 0.9581641017520801,
        "beta2": 0.9212126771567598,
        "save_dir": "experiments/best_models/enhanced_alshade",
        "optimizer_name": "lion",
        "use_fuzzy": true
      }
    },
    {
      "eval_idx": 3,
      "generation": 0,
      "individual": 2,
      "roc_auc": 0.4998580969006665,
      "train_time": 220.06594061851501,
      "hparams": {
        "lr": 0.01819067847103799,
        "batch_size": 32,
        "weight_decay": 0.0030424920053710816,
        "dropout": 0.2623782158161189,
        "epochs": 32,
        "beta1": 0.855333536637628,
        "beta2": 0.9611241041827657,
        "save_dir": "experiments/best_models/enhanced_alshade",
        "optimizer_name": "lion",
        "use_fuzzy": true
      }
    },
    {
      "eval_idx": 4,
      "generation": 0,
      "individual": 3,
      "roc_auc": 0.5,
      "train_time": 337.0814652442932,
      "hparams": {
        "lr": 0.013957991126597664,
        "batch_size": 32,
        "weight_decay": 0.0036636817967525877,
        "dropout": 0.22803499210851796,
        "epochs": 49,
        "beta1": 0.8379380186100884,
        "beta2": 0.9513720203975198,
        "save_dir": "experiments/best_models/enhanced_alshade",
        "optimizer_name": "lion",
        "use_fuzzy": true
      }
    },
    {
      "eval_idx": 5,
      "generation": 0,
      "individual": 4,
      "roc_auc": 0.4976669273793516,
      "train_time": 181.088237285614,
      "hparams": {
        "lr": 0.05924553274051564,
        "batch_size": 16,
        "weight_decay": 0.006075487764529194,
        "dropout": 0.08526206184364576,
        "epochs": 13,
        "beta1": 0.9802882520781333,
        "beta2": 0.9964666401041485,
        "save_dir": "experiments/best_models/enhanced_alshade",
        "optimizer_name": "lion",
        "use_fuzzy": true
      }
    },
    {
      "eval_idx": 6,
      "generation": 1,
      "individual": 0,
      "roc_auc": 0.8080479162471463,
      "train_time": 62.824281454086304,
      "hparams": {
        "lr": 1e-05,
        "batch_size": 128,
        "weight_decay": 0.004908160250943264,
        "dropout": 0.4421021723633905,
        "epochs": 18,
        "beta1": 0.8,
        "beta2": 0.9,
        "save_dir": "experiments/best_models/enhanced_alshade",
        "optimizer_name": "lion",
        "use_fuzzy": true
      }
    },
    {
      "eval_idx": 7,
      "generation": 1,
      "individual": 1,
      "roc_auc": 0.8110566598121722,
      "train_time": 140.91297030448914,
      "hparams": {
        "lr": 1e-05,
        "batch_size": 128,
        "weight_decay": 0.0036636817967525877,
        "dropout": 0.4421021723633905,
        "epochs": 49,
        "beta1": 0.8,
        "beta2": 0.9,
        "save_dir": "experiments/best_models/enhanced_alshade",
        "optimizer_name": "lion",
        "use_fuzzy": true
      }
    },
    {
      "eval_idx": 8,
      "generation": 1,
      "individual": 2,
      "roc_auc": 0.5003196930946292,
      "train_time": 299.16754698753357,
      "hparams": {
        "lr": 0.01819067847103799,
        "batch_size": 32,
        "weight_decay": 0.00464994958974992,
        "dropout": 0.25080967877622484,
        "epochs": 41,
        "beta1": 0.855333536637628,
        "beta2": 0.9213919681408362,
        "save_dir": "experiments/best_models/enhanced_alshade",
        "optimizer_name": "lion",
        "use_fuzzy": true
      }
    },
    {
      "eval_idx": 9,
      "generation": 1,
      "individual": 3,
      "roc_auc": 0.5023309241812005,
      "train_time": 262.0607154369354,
      "hparams": {
        "lr": 0.03328264640275177,
        "batch_size": 64,
        "weight_decay": 0.003157563741973667,
        "dropout": 0.010292247147901223,
        "epochs": 60,
        "beta1": 0.8960845150085051,
        "beta2": 0.9632151635567343,
        "save_dir": "experiments/best_models/enhanced_alshade",
        "optimizer_name": "lion",
        "use_fuzzy": true
      }
    },
    {
      "eval_idx": 10,
      "generation": 1,
      "individual": 4,
      "roc_auc": 0.500136624834517,
      "train_time": 93.19820213317871,
      "hparams": {
        "lr": 0.05924553274051564,
        "batch_size": 32,
        "weight_decay": 0.005626613111355955,
        "dropout": 0.10690035636918614,
        "epochs": 13,
        "beta1": 0.9802882520781333,
        "beta2": 0.9580592888292065,
        "save_dir": "experiments/best_models/enhanced_alshade",
        "optimizer_name": "lion",
        "use_fuzzy": true
      }
    },
    {
      "eval_idx": 11,
      "generation": 2,
      "individual": 0,
      "roc_auc": 0.8123103935877412,
      "train_time": 145.73307418823242,
      "hparams": {
        "lr": 1e-05,
        "batch_size": 128,
        "weight_decay": 0.001724533627300828,
        "dropout": 0.2500185007770921,
        "epochs": 56,
        "beta1": 0.8,
        "beta2": 0.9381543721097442,
        "save_dir": "experiments/best_models/enhanced_alshade",
        "optimizer_name": "lion",
        "use_fuzzy": true
      }
    },
    {
      "eval_idx": 12,
      "generation": 2,
      "individual": 1,
      "roc_auc": 0.8138206138998623,
      "train_time": 106.0463616847992,
      "hparams": {
        "lr": 0.013792164375105522,
        "batch_size": 128,
        "weight_decay": 0.0035452957684451304,
        "dropout": 0.2224587969746819,
        "epochs": 35,
        "beta1": 0.8372142774815731,
        "beta2": 0.9381934388227006,
        "save_dir": "experiments/best_models/enhanced_alshade",
        "optimizer_name": "lion",
        "use_fuzzy": true
      }
    },
    {
      "eval_idx": 13,
      "generation": 2,
      "individual": 2,
      "roc_auc": 0.8156266292332479,
      "train_time": 183.0551540851593,
      "hparams": {
        "lr": 1e-05,
        "batch_size": 128,
        "weight_decay": 0.003713177218531323,
        "dropout": 0.010292247147901223,
        "epochs": 60,
        "beta1": 0.8960845150085051,
        "beta2": 0.9632151635567343,
        "save_dir": "experiments/best_models/enhanced_alshade",
        "optimizer_name": "lion",
        "use_fuzzy": true
      }
    },
    {
      "eval_idx": 14,
      "generation": 2,
      "individual": 3,
      "roc_auc": 0.8136774376512262,
      "train_time": 184.33376264572144,
      "hparams": {
        "lr": 1e-05,
        "batch_size": 64,
        "weight_decay": 0.0031872598388131158,
        "dropout": 0.47770192269830447,
        "epochs": 41,
        "beta1": 0.8,
        "beta2": 0.9029218558492956,
        "save_dir": "experiments/best_models/enhanced_alshade",
        "optimizer_name": "lion",